# Blender 3.3.0
# www.blender.org
mtllib Pile_Of_Crates-Basic_001.mtl
o Crate_Main
v -0.476605 0.000000 0.202182
v -0.914174 0.000000 1.592961
v -0.934211 0.021005 1.586657
v -0.496642 0.021005 0.195878
v 0.914174 0.000000 0.639752
v -0.470301 0.021005 0.182145
v 0.920478 0.021005 0.619714
v 0.934211 1.478995 0.646056
v 0.934211 0.021005 0.646056
v 0.920478 1.478995 0.619714
v -0.920478 0.021005 1.612998
v -0.920478 1.478995 1.612998
v -0.934211 1.478995 1.586657
v 0.470301 1.478995 2.050568
v 0.470301 0.021005 2.050568
v 0.496642 0.021005 2.036834
v 0.496642 1.478995 2.036834
v -0.470301 1.478995 0.182145
v -0.496642 1.478995 0.195878
v 0.476605 1.500000 2.030530
v -0.914174 1.500000 1.592961
v 0.914174 1.500000 0.639752
v 0.476605 0.000000 2.030530
v -0.476605 1.500000 0.202182
v -0.369206 0.058805 0.408183
v -0.708173 0.058805 1.485563
v -0.828816 0.185278 1.447606
v -0.489849 0.185278 0.370226
v 0.708173 0.058805 0.747150
v -0.331249 0.185278 0.287540
v 0.746130 0.185278 0.626507
v 0.828816 1.314722 0.785107
v 0.828816 0.185278 0.785107
v 0.746130 1.314722 0.626507
v -0.746130 0.185278 1.606206
v -0.746130 1.314722 1.606206
v -0.828816 1.314722 1.447606
v 0.331249 1.314722 1.945173
v 0.331249 0.185278 1.945173
v 0.489849 0.185278 1.862486
v 0.489849 1.314722 1.862486
v -0.331249 1.314722 0.287540
v -0.489849 1.314722 0.370226
v 0.369206 1.441195 1.824529
v -0.708173 1.441195 1.485563
v 0.708173 1.441195 0.747150
v 0.369206 0.058805 1.824529
v -0.369206 1.441195 0.408183
v 0.762278 1.314722 0.575183
v 0.768548 1.319722 0.571914
v 0.886411 1.319722 0.797986
v 0.880140 1.314722 0.801255
v 0.762278 0.185278 0.575183
v 0.768548 0.180278 0.571914
v 0.880140 0.185278 0.801255
v 0.886411 0.180278 0.797986
v 0.541174 1.314722 1.878634
v 0.544442 1.319722 1.884904
v 0.318370 1.319722 2.002767
v 0.315101 1.314722 1.996497
v 0.544442 0.180278 1.884904
v 0.541174 0.185278 1.878634
v 0.315101 0.185278 1.996497
v 0.318370 0.180278 2.002767
v -0.318370 1.319722 0.229946
v -0.315101 1.314722 0.236216
v -0.541174 1.314722 0.354079
v -0.544442 1.319722 0.347809
v -0.541174 0.185278 0.354079
v -0.544442 0.180278 0.347809
v -0.318370 0.180278 0.229946
v -0.315101 0.185278 0.236216
v -0.886411 1.319722 1.434727
v -0.880140 1.314722 1.431458
v -0.762278 1.314722 1.657530
v -0.768548 1.319722 1.660799
v -0.768548 0.180278 1.660799
v -0.762278 0.185278 1.657530
v -0.886411 0.180278 1.434727
v -0.880140 0.185278 1.431458
v 0.714443 1.500000 0.743881
v 0.708173 1.495000 0.747150
v 0.714443 0.000000 0.743881
v 0.708173 0.005000 0.747150
v 0.372475 1.500000 1.830799
v 0.369206 1.495000 1.824529
v 0.369206 0.005000 1.824529
v 0.372475 0.000000 1.830799
v -0.369206 1.495000 0.408183
v -0.372475 1.500000 0.401913
v -0.372475 0.000000 0.401913
v -0.369206 0.005000 0.408183
v -0.708173 1.495000 1.485563
v -0.714443 1.500000 1.488831
v -0.708173 0.005000 1.485563
v -0.714443 0.000000 1.488831
vn 0.3001 -0.0000 -0.9539
vn -0.0000 1.0000 -0.0000
vn 0.9539 -0.0000 0.3001
vn -0.0000 -1.0000 -0.0000
vn 0.7240 0.5774 -0.3775
vn 0.7240 -0.5774 -0.3775
vn 0.3775 0.5774 0.7240
vn 0.3775 -0.5774 0.7240
vn -0.3775 0.5774 -0.7240
vn -0.3775 -0.5774 -0.7240
vn -0.7240 0.5774 0.3775
vn -0.7240 -0.5774 0.3775
vn -0.6745 -0.7071 -0.2122
vn 0.2122 -0.7071 -0.6745
vn 0.8867 -0.0000 -0.4623
vn -0.8867 -0.0000 0.4623
vn 0.4623 -0.0000 0.8867
vn -0.4623 -0.0000 -0.8867
vn -0.2122 0.7071 0.6745
vn 0.6745 0.7071 0.2122
vn -0.2122 -0.7071 0.6745
vn -0.6745 0.7071 -0.2122
vn 0.2122 0.7071 -0.6745
vn 0.6745 -0.7071 0.2122
vn -0.9539 -0.0000 -0.3001
vn -0.3001 -0.0000 0.9539
vt 0.515745 0.858744
vt 0.614242 0.779910
vt 0.979909 0.789103
vt 0.000652 0.281683
vt 0.486418 0.864561
vt 0.979909 0.779910
vt 0.880780 0.023794
vt 0.000652 0.555550
vt 0.486418 0.852927
vt 0.979909 0.787361
vt 0.979911 0.770718
vt 0.553596 0.281683
vt 0.525819 0.852927
vt 0.614242 0.787361
vt 0.943467 0.307640
vt 0.279730 0.281683
vt 0.551409 0.864561
vt 0.614242 0.789103
vt 0.614242 0.768976
vt 0.274519 0.281683
vt 0.525819 0.864561
vt 0.979909 0.796553
vt 0.949220 0.307640
vt 0.552368 0.559652
vt 0.541334 0.858744
vt 0.614242 0.796553
vt 0.870826 0.023794
vt 0.278502 0.559652
vt 0.450754 0.858744
vt 0.862759 0.419720
vt 0.890733 0.419719
vt 0.274519 0.833651
vt 0.551409 0.852927
vt 0.862760 0.023794
vt 0.614242 0.761526
vt 0.274519 0.559784
vt 0.460828 0.852927
vt 0.870826 0.419720
vt 0.892619 0.419721
vt 0.278502 0.833518
vt 0.476343 0.858744
vt 0.979911 0.778168
vt 0.872713 0.023794
vt 0.000652 0.274519
vt 0.528539 0.858744
vt 0.614242 0.778168
vt 0.614242 0.752333
vt 0.274519 0.274519
vt 0.538614 0.864561
vt 0.614242 0.770718
vt 0.910639 0.419719
vt 0.553596 0.555550
vt 0.425164 0.858744
vt 0.979909 0.805746
vt 0.979908 0.752333
vt 0.274519 0.000652
vt 0.473623 0.852927
vt 0.614242 0.805746
vt 0.872713 0.419720
vt 0.000652 0.000652
vt 0.463548 0.858744
vt 0.614242 0.798295
vt 0.979910 0.761526
vt 0.000652 0.559784
vt 0.435239 0.852927
vt 0.979909 0.798295
vt 0.890733 0.023794
vt 0.000652 0.833651
vt 0.448033 0.852927
vt 0.949220 0.025279
vt 0.892619 0.023794
vt 0.552368 0.833518
vt 0.448033 0.864561
vt 0.943467 0.025279
vt 0.910639 0.023794
vt 0.279730 0.555550
vt 0.435239 0.864561
vt 0.979908 0.759783
vt 0.882666 0.023794
vt 0.553596 0.274519
vt 0.538614 0.852927
vt 0.614242 0.759784
vt 0.902572 0.419719
vt 0.553596 0.000652
vt 0.460828 0.864561
vt 0.882666 0.419719
vt 0.900686 0.419721
vt 0.279730 0.274519
vt 0.473623 0.864561
vt 0.880780 0.419720
vt 0.979910 0.768976
vt 0.274519 0.555550
vt 0.437959 0.858744
vt 0.902572 0.023794
vt 0.900686 0.023794
vt 0.279730 0.000652
vt 0.897510 0.836218
vt 0.813268 0.332389
vt 0.518670 0.593347
vt 0.614242 0.836218
vt 0.897509 0.851455
vt 0.312737 0.593347
vt 0.614242 0.820982
vt 0.313441 0.035395
vt 0.829765 0.639097
vt 0.897510 0.897164
vt 0.313441 0.241887
vt 0.829765 0.332389
vt 0.811382 0.639097
vt 0.813268 0.639097
vt 0.518670 0.799279
vt 0.829765 0.330502
vt 0.747280 0.023794
vt 0.314429 0.316983
vt 0.829765 0.023794
vt 0.314429 0.521768
vt 0.811382 0.023794
vt 0.614242 0.866691
vt 0.240187 0.036090
vt 0.897510 0.881928
vt 0.761890 0.332389
vt 0.035297 0.036090
vt 0.614242 0.881927
vt 0.763777 0.330503
vt 0.519214 0.521768
vt 0.811382 0.330502
vt 0.763777 0.332389
vt 0.780274 0.330502
vt 0.034593 0.800290
vt 0.780274 0.023794
vt 0.897510 0.912400
vt 0.241933 0.800290
vt 0.897510 0.820982
vt 0.614242 0.927637
vt 0.519932 0.035395
vt 0.614242 0.912400
vt 0.846262 0.639097
vt 0.241933 0.592950
vt 0.763777 0.639097
vt 0.846262 0.332389
vt 0.034593 0.592950
vt 0.860873 0.023794
vt 0.761890 0.639097
vt 0.035297 0.240980
vt 0.860873 0.330502
vt 0.897510 0.866691
vt 0.240187 0.240980
vt 0.763777 0.023794
vt 0.747279 0.330503
vt 0.519214 0.316983
vt 0.614242 0.897164
vt 0.897509 0.927637
vt 0.519932 0.241887
vt 0.813268 0.330502
vt 0.034247 0.522870
vt 0.794885 0.639097
vt 0.730782 0.330503
vt 0.813268 0.023794
vt 0.241272 0.522870
vt 0.730782 0.332389
vt 0.034247 0.315845
vt 0.794885 0.332389
vt 0.811382 0.332389
vt 0.614242 0.851455
vt 0.312737 0.799279
vt 0.730782 0.639097
vt 0.730782 0.023794
vt 0.241272 0.315845
vt 0.778388 0.330503
vt 0.680057 0.457872
vt 0.611350 0.640443
vt 0.796771 0.330502
vt 0.308419 0.803601
vt 0.683282 0.455591
vt 0.614551 0.641227
vt 0.244601 0.803733
vt 0.896382 0.711563
vt 0.599216 0.455591
vt 0.614242 0.853197
vt 0.897510 0.868433
vt 0.891570 0.710385
vt 0.595990 0.457872
vt 0.844376 0.023794
vt 0.690280 0.457872
vt 0.680082 0.640444
vt 0.796771 0.023794
vt 0.308419 0.589569
vt 0.693506 0.455591
vt 0.683282 0.641227
vt 0.747279 0.332389
vt 0.614242 0.868433
vt 0.891532 0.435896
vt 0.685193 0.640444
vt 0.244601 0.589702
vt 0.896382 0.432467
vt 0.688394 0.641227
vt 0.846263 0.330502
vt 0.897510 0.853197
vt 0.590878 0.457872
vt 0.596015 0.640442
vt 0.030570 0.803733
vt 0.594104 0.455591
vt 0.599216 0.641225
vt 0.244601 0.030570
vt 0.698617 0.641227
vt 0.673059 0.455591
vt 0.614242 0.898906
vt 0.860873 0.639097
vt 0.695417 0.640444
vt 0.669833 0.457872
vt 0.030570 0.589702
vt 0.594104 0.641225
vt 0.688394 0.455591
vt 0.846262 0.023794
vt 0.747280 0.639097
vt 0.590903 0.640442
vt 0.685168 0.457872
vt 0.778388 0.639097
vt 0.860873 0.332389
vt 0.695392 0.457872
vt 0.606239 0.640443
vt 0.030570 0.030570
vt 0.698617 0.455591
vt 0.609439 0.641227
vt 0.522451 0.803601
vt 0.931325 0.426075
vt 0.614551 0.455591
vt 0.778388 0.023794
vt 0.761890 0.330503
vt 0.929042 0.425516
vt 0.611325 0.457872
vt 0.614242 0.883670
vt 0.897509 0.914142
vt 0.664721 0.457872
vt 0.932688 0.436806
vt 0.309647 0.525632
vt 0.667947 0.455591
vt 0.934970 0.437364
vt 0.897510 0.883670
vt 0.844376 0.332389
vt 0.883847 0.435896
vt 0.664747 0.640444
vt 0.309648 0.311601
vt 0.888696 0.432467
vt 0.667947 0.641227
vt 0.522451 0.589569
vt 0.693506 0.641227
vt 0.931325 0.293685
vt 0.844376 0.330502
vt 0.761890 0.023794
vt 0.690305 0.640444
vt 0.929024 0.295312
vt 0.523679 0.525632
vt 0.678171 0.641227
vt 0.934970 0.304975
vt 0.897510 0.807488
vt 0.614242 0.914142
vt 0.674970 0.640444
vt 0.932670 0.306602
vt 0.794885 0.023794
vt 0.897510 0.898906
vt 0.947112 0.310612
vt 0.669858 0.640444
vt 0.244601 0.244601
vt 0.949413 0.308986
vt 0.673059 0.641227
vt 0.030570 0.244601
vt 0.949413 0.441375
vt 0.609439 0.455591
vt 0.778388 0.332389
vt 0.794885 0.330502
vt 0.947130 0.440816
vt 0.606214 0.457872
vt 0.523679 0.311601
vt 0.888696 0.711563
vt 0.678171 0.455591
vt 0.614242 0.807488
vt 0.844376 0.639097
vt 0.883885 0.710385
vt 0.674945 0.457872
vt 0.309647 0.244601
vt 0.945767 0.441375
vt 0.904067 0.432467
vt 0.745393 0.332389
vt 0.943485 0.440816
vt 0.899218 0.435896
vt 0.780274 0.332389
vt 0.244601 0.311601
vt 0.588992 0.641227
vt 0.927679 0.293685
vt 0.796771 0.639097
vt 0.827879 0.639097
vt 0.585791 0.640443
vt 0.925379 0.295312
vt 0.523679 0.244601
vt 0.942122 0.437364
vt 0.945767 0.308986
vt 0.827879 0.330502
vt 0.939839 0.436806
vt 0.943467 0.310612
vt 0.780274 0.639097
vt 0.796771 0.332389
vt 0.614242 0.837960
vt 0.601102 0.457872
vt 0.925397 0.425516
vt 0.244601 0.525632
vt 0.604327 0.455591
vt 0.927679 0.426075
vt 0.745393 0.639097
vt 0.745393 0.023794
vt 0.918174 0.295312
vt 0.899255 0.710381
vt 0.309647 0.030570
vt 0.920474 0.293685
vt 0.904067 0.711559
vt 0.030570 0.311601
vt 0.911752 0.711561
vt 0.588992 0.455591
vt 0.897510 0.822724
vt 0.827879 0.332389
vt 0.906940 0.710383
vt 0.585766 0.457872
vt 0.745393 0.330503
vt 0.827879 0.023794
vt 0.939821 0.306602
vt 0.918192 0.425516
vt 0.523679 0.030570
vt 0.942122 0.304975
vt 0.920474 0.426075
vt 0.614242 0.822724
vt 0.897509 0.837960
vt 0.906903 0.435896
vt 0.601127 0.640443
vt 0.030570 0.525632
vt 0.911752 0.432467
vt 0.604327 0.641226
s 0
usemtl Crate
f 57/197/1 62/214/1 40/142/1 41/145/1
f 78/270/2 63/218/2 39/139/2 35/127/2
f 58/201/3 51/176/3 8/32/3 17/68/3
f 88/306/4 83/288/4 5/20/4 23/92/4
f 10/37/5 22/85/5 8/29/5
f 5/17/6 7/25/6 9/33/6
f 17/65/7 20/77/7 14/53/7
f 16/61/8 15/57/8 23/89/8
f 18/69/9 19/73/9 24/93/9
f 4/13/10 6/21/10 1/1/10
f 13/49/11 12/45/11 21/81/11
f 2/5/12 11/41/12 3/9/12
f 1/2/13 2/6/13 3/10/13 4/14/13
f 5/18/14 1/3/14 6/22/14 7/26/14
f 8/30/15 9/34/15 7/27/15 10/38/15
f 11/42/16 12/46/16 13/50/16 3/11/16
f 14/54/17 15/58/17 16/62/17 17/66/17
f 18/70/18 6/23/18 4/15/18 19/74/18
f 20/78/19 21/82/19 12/47/19 14/55/19
f 22/86/20 20/79/20 17/67/20 8/31/20
f 2/7/21 23/90/21 15/59/21 11/43/21
f 21/83/22 24/94/22 19/75/22 13/51/22
f 24/95/23 22/87/23 10/39/23 18/71/23
f 23/91/24 5/19/24 9/35/24 16/63/24
f 75/260/3 78/271/3 35/128/3 36/130/3
f 95/330/3 92/319/3 25/97/3 26/100/3
f 73/253/25 79/274/25 3/12/25 13/52/25
f 84/291/25 87/302/25 47/163/25 29/109/25
f 56/194/3 61/211/3 16/64/3 9/36/3
f 52/179/4 57/198/4 41/146/4 32/118/4
f 66/228/4 49/169/4 34/124/4 42/148/4
f 80/277/1 74/256/1 37/133/1 27/103/1
f 60/207/4 75/261/4 36/131/4 38/136/4
f 59/204/26 64/222/26 15/60/26 14/56/26
f 67/232/26 69/239/26 28/106/26 43/151/26
f 74/257/4 67/233/4 43/152/4 37/134/4
f 87/303/1 95/331/1 26/101/1 47/164/1
f 63/219/25 60/208/25 38/137/25 39/140/25
f 82/284/26 89/309/26 48/166/26 46/160/26
f 53/183/2 72/249/2 30/112/2 31/115/2
f 89/310/3 93/323/3 45/157/3 48/167/3
f 72/250/3 66/229/3 42/149/3 30/113/3
f 91/316/4 96/334/4 2/8/4 1/4/4
f 70/243/25 68/236/25 19/76/25 4/16/25
f 92/320/26 84/292/26 29/110/26 25/98/26
f 54/187/1 50/173/1 10/40/1 7/28/1
f 93/324/1 86/298/1 44/154/1 45/158/1
f 62/215/2 55/190/2 33/121/2 40/143/2
f 25/99/4 29/111/4 47/165/4 26/102/4
f 27/104/25 37/135/25 43/153/25 28/107/25
f 39/141/26 38/138/26 36/132/26 35/129/26
f 46/161/2 48/168/2 45/159/2 44/155/2
f 33/122/3 32/119/3 41/147/3 40/144/3
f 30/114/1 42/150/1 34/125/1 31/116/1
f 79/274/25 70/243/25 4/16/25 3/12/25
f 96/334/4 88/306/4 23/92/4 2/8/4
f 61/211/3 58/201/3 17/68/3 16/64/3
f 83/288/4 91/316/4 1/4/4 5/20/4
f 64/222/26 77/267/26 11/44/26 15/60/26
f 65/225/1 71/246/1 6/24/1 18/72/1
f 71/246/1 54/187/1 7/28/1 6/24/1
f 94/327/2 90/313/2 24/96/2 21/84/2
f 68/236/25 73/253/25 13/52/25 19/76/25
f 51/176/3 56/194/3 9/36/3 8/32/3
f 69/240/2 80/278/2 27/105/2 28/108/2
f 85/295/2 94/327/2 21/84/2 20/80/2
f 50/173/1 65/225/1 18/72/1 10/40/1
f 90/313/2 81/281/2 22/88/2 24/96/2
f 76/264/26 59/204/26 14/56/26 12/48/26
f 77/267/26 76/264/26 12/48/26 11/44/26
f 55/191/26 52/180/26 32/120/26 33/123/26
f 81/281/2 85/295/2 20/80/2 22/88/2
f 80/279/22 69/241/22 70/244/22 79/275/22
f 72/251/23 53/184/23 54/188/23 71/247/23
f 52/181/17 55/192/17 56/195/17 51/177/17
f 53/185/18 49/170/18 50/174/18 54/189/18
f 78/272/17 75/262/17 76/265/17 77/268/17
f 74/258/18 80/280/18 79/276/18 73/254/18
f 60/209/16 63/220/16 64/223/16 59/205/16
f 62/216/15 57/199/15 58/202/15 61/212/15
f 66/230/15 72/252/15 71/248/15 65/226/15
f 69/242/16 67/234/16 68/237/16 70/245/16
f 75/263/21 60/210/21 59/206/21 76/266/21
f 57/200/24 52/182/24 51/178/24 58/203/24
f 63/221/19 78/273/19 77/269/19 64/224/19
f 67/235/13 74/259/13 73/255/13 68/238/13
f 49/171/14 66/231/14 65/227/14 50/175/14
f 55/193/20 62/217/20 61/213/20 56/196/20
f 49/172/25 53/186/25 31/117/25 34/126/25
f 92/321/24 95/332/24 96/335/24 91/317/24
f 84/293/21 92/322/21 91/318/21 83/289/21
f 86/299/23 93/325/23 94/328/23 85/296/23
f 82/285/22 86/300/22 85/297/22 81/282/22
f 95/333/14 87/304/14 88/307/14 96/336/14
f 93/326/20 89/311/20 90/314/20 94/329/20
f 89/312/19 82/286/19 81/283/19 90/315/19
f 87/305/13 84/294/13 83/290/13 88/308/13
f 86/301/25 82/287/25 46/162/25 44/156/25
o Plank
v 0.757508 0.185278 0.573682
v 0.759009 0.190278 0.568913
v 0.762278 0.190278 0.575183
v -0.315101 1.309722 0.236216
v -0.310332 1.314722 0.237717
v -0.308831 1.309722 0.232947
v 0.747631 0.190278 0.621738
v 0.741360 0.190278 0.625006
v 0.742861 0.185278 0.620237
v -0.324979 1.314722 0.284271
v -0.329749 1.309722 0.282771
v -0.326480 1.309722 0.289041
v 0.762278 0.286344 0.575183
v 0.759009 0.289273 0.568913
v 0.758905 0.294879 0.574122
v -0.214400 1.309722 0.262657
v -0.218694 1.314722 0.266548
v -0.210552 1.311187 0.269109
v 0.259529 0.803033 0.468170
v 0.254656 0.799497 0.471879
v -0.233341 1.314722 0.313102
v -0.232048 1.309722 0.318751
v -0.225199 1.311187 0.315664
v 0.747631 0.286344 0.621738
v 0.744258 0.294879 0.620676
v 0.741360 0.289273 0.625006
v 0.158353 0.696967 0.436338
v 0.160225 0.700503 0.442169
v -0.326480 1.210727 0.289041
v -0.329749 1.213656 0.282771
v -0.326376 1.205121 0.283832
v 0.646929 0.190278 0.595296
v 0.643081 0.188813 0.588844
v 0.651223 0.185278 0.591406
v 0.665871 0.185278 0.544851
v 0.657728 0.188813 0.542289
v 0.664577 0.190278 0.539203
v -0.315101 1.213656 0.236216
v -0.308831 1.210727 0.232947
v -0.311729 1.205121 0.237277
v 0.310332 0.185278 1.994996
v 0.308831 0.190278 1.999766
v 0.315101 0.190278 1.996497
v -0.762278 1.309722 1.657530
v -0.757508 1.314722 1.659031
v -0.759009 1.309722 1.663800
v 0.329749 0.190278 1.949942
v 0.326480 0.190278 1.943672
v 0.324979 0.185278 1.948442
v -0.742861 1.314722 1.612476
v -0.747631 1.309722 1.610975
v -0.741360 1.309722 1.607706
v 0.315101 0.286344 1.996497
v 0.308831 0.289273 1.999766
v 0.311729 0.294879 1.995436
v -0.664577 1.309722 1.693510
v -0.665871 1.314722 1.687862
v -0.657728 1.311187 1.690423
v -0.158353 0.803033 1.796375
v -0.160225 0.799497 1.790544
v -0.651223 1.314722 1.641307
v -0.646929 1.309722 1.637416
v -0.643081 1.311187 1.643869
v 0.329749 0.286344 1.949942
v 0.326376 0.294879 1.948881
v 0.326480 0.289273 1.943672
v -0.259529 0.696967 1.764542
v -0.254656 0.700503 1.760834
v -0.741360 1.210727 1.607706
v -0.747631 1.213656 1.610975
v -0.744258 1.205121 1.612036
v 0.232048 0.190278 1.913962
v 0.225199 0.188813 1.917049
v 0.233341 0.185278 1.919610
v 0.218694 0.185278 1.966165
v 0.210552 0.188813 1.963603
v 0.214400 0.190278 1.970056
v -0.762278 1.213656 1.657530
v -0.759009 1.210727 1.663800
v -0.758905 1.205121 1.658591
vn -0.6745 -0.7071 -0.2122
vn -0.0000 -1.0000 -0.0000
vn 0.6745 0.7071 0.2122
vn -0.0000 1.0000 -0.0000
vn 0.3001 -0.0000 -0.9539
vn -0.9539 -0.0000 -0.3001
vn 0.7240 -0.5774 -0.3775
vn -0.3775 0.5774 -0.7240
vn 0.3775 -0.5774 0.7240
vn -0.7240 0.5774 0.3775
vn 0.8941 0.3135 -0.3197
vn 0.4711 0.7570 -0.4528
vn 0.1270 0.7570 0.6410
vn 0.5500 0.3135 0.7741
vn -0.8941 -0.3135 0.3197
vn -0.4712 -0.7570 0.4528
vn -0.1270 -0.7570 -0.6410
vn -0.5500 -0.3135 -0.7741
vn 0.6745 -0.7071 0.2122
vn -0.6745 0.7071 -0.2122
vn 0.8867 -0.0000 -0.4623
vn 0.6892 0.5000 -0.5244
vn 0.3650 0.9239 0.1148
vn 0.8813 0.3827 0.2773
vn -0.6892 -0.5000 0.5245
vn -0.3650 -0.9239 -0.1148
vn -0.8813 -0.3827 -0.2773
vn 0.2647 0.5000 0.8246
vn -0.2647 -0.5000 -0.8246
vn -0.2122 -0.7071 0.6745
vn 0.2122 0.7071 -0.6745
vn -0.4623 -0.0000 -0.8867
vn -0.8867 -0.0000 0.4623
vn 0.4623 -0.0000 0.8867
vn -0.2122 0.7071 0.6745
vn 0.2122 -0.7071 -0.6745
vn 0.9539 -0.0000 0.3001
vn -0.3001 -0.0000 0.9539
vn 0.4712 0.7570 -0.4528
vn -0.4711 -0.7570 0.4528
vn 0.6892 0.5000 -0.5245
vn -0.6892 -0.5000 0.5244
vt 0.059125 0.852928
vt 0.458151 0.891882
vt 0.541319 0.886394
vt 0.581960 0.511243
vt 0.599800 0.453705
vt 0.455753 0.890498
vt 0.950629 0.126519
vt 0.583880 0.511243
vt 0.458151 0.889113
vt 0.538550 0.886394
vt 0.951998 0.126519
vt 0.362063 0.852928
vt 0.211954 0.890549
vt 0.951944 0.321103
vt 0.662835 0.513129
vt 0.951998 0.208588
vt 0.277452 0.852927
vt 0.951944 0.322472
vt 0.660915 0.513129
vt 0.403207 0.891695
vt 0.599800 0.023794
vt 0.950758 0.321788
vt 0.405976 0.891695
vt 0.950629 0.208588
vt 0.951944 0.327902
vt 0.538550 0.867281
vt 0.414186 0.891695
vt 0.342951 0.852928
vt 0.950758 0.327217
vt 0.951998 0.066313
vt 0.416955 0.891695
vt 0.078237 0.852927
vt 0.951944 0.326532
vt 0.541319 0.867281
vt 0.950629 0.066313
vt 0.296565 0.852927
vt 0.447915 0.891882
vt 0.660915 0.526382
vt 0.950629 0.168899
vt 0.231067 0.890549
vt 0.445517 0.890498
vt 0.662835 0.526382
vt 0.370273 0.891695
vt 0.447915 0.889113
vt 0.373042 0.891695
vt 0.951998 0.168899
vt 0.979911 0.975491
vt 0.951998 0.107914
vt 0.437959 0.867281
vt 0.362063 0.890549
vt 0.618809 0.434696
vt 0.978752 0.977022
vt 0.950629 0.107347
vt 0.647682 0.455591
vt 0.728896 0.023794
vt 0.977593 0.975491
vt 0.644053 0.457094
vt 0.441577 0.867281
vt 0.618809 0.042803
vt 0.511557 0.888585
vt 0.647682 0.663974
vt 0.405976 0.852927
vt 0.277452 0.890548
vt 0.511557 0.891582
vt 0.492756 0.852927
vt 0.403207 0.854075
vt 0.728896 0.414097
vt 0.508673 0.889398
vt 0.644071 0.663583
vt 0.489138 0.852927
vt 0.715643 0.218946
vt 0.700504 0.563437
vt 0.703059 0.563439
vt 0.296565 0.890548
vt 0.951940 0.310775
vt 0.492756 0.872040
vt 0.950629 0.187503
vt 0.950758 0.309880
vt 0.704062 0.415982
vt 0.951998 0.188071
vt 0.715643 0.414097
vt 0.951940 0.308986
vt 0.489138 0.872040
vt 0.701491 0.417026
vt 0.937742 0.326974
vt 0.437959 0.886394
vt 0.414186 0.854075
vt 0.342951 0.890549
vt 0.715643 0.023794
vt 0.936315 0.325894
vt 0.441577 0.886394
vt 0.701502 0.709855
vt 0.937742 0.325492
vt 0.704062 0.710449
vt 0.416955 0.852927
vt 0.942122 0.164454
vt 0.705948 0.563434
vt 0.708503 0.563436
vt 0.950629 0.304878
vt 0.709506 0.710444
vt 0.373042 0.852927
vt 0.231067 0.852927
vt 0.951811 0.303983
vt 0.496730 0.872040
vt 0.370273 0.854074
vt 0.942122 0.303630
vt 0.951811 0.305772
vt 0.706947 0.709849
vt 0.500348 0.872040
vt 0.505953 0.888585
vt 0.709506 0.415982
vt 0.951998 0.085485
vt 0.942122 0.025279
vt 0.505953 0.891582
vt 0.706936 0.417026
vt 0.470005 0.886394
vt 0.078237 0.890549
vt 0.503068 0.889398
vt 0.473623 0.886394
vt 0.950629 0.084918
vt 0.059125 0.890549
vt 0.492023 0.889192
vt 0.473623 0.867281
vt 0.581960 0.485155
vt 0.932670 0.025279
vt 0.489138 0.887008
vt 0.470005 0.867281
vt 0.649586 0.663583
vt 0.580791 0.434696
vt 0.492023 0.886194
vt 0.653198 0.663974
vt 0.583880 0.484360
vt 0.211954 0.852927
vt 0.951940 0.313909
vt 0.496730 0.852927
vt 0.951998 0.189983
vt 0.580791 0.042803
vt 0.950758 0.313015
vt 0.653198 0.455591
vt 0.950629 0.189416
vt 0.932670 0.303630
vt 0.951940 0.312120
vt 0.500348 0.852927
vt 0.649568 0.457094
vt 0.209234 0.852927
vt 0.533432 0.890498
vt 0.486418 0.867281
vt 0.408697 0.852927
vt 0.966900 0.025279
vt 0.535830 0.891882
vt 0.923189 0.312857
vt 0.411466 0.852927
vt 0.535830 0.889113
vt 0.483649 0.867281
vt 0.921819 0.312857
vt 0.168289 0.852927
vt 0.274732 0.890549
vt 0.463269 0.891882
vt 0.533061 0.867281
vt 0.950629 0.229104
vt 0.252900 0.852928
vt 0.463269 0.889113
vt 0.535830 0.867281
vt 0.378531 0.891695
vt 0.966900 0.331877
vt 0.460871 0.890498
vt 0.375762 0.891695
vt 0.951998 0.229104
vt 0.951944 0.318388
vt 0.483649 0.886393
vt 0.951998 0.290655
vt 0.187401 0.852927
vt 0.950758 0.319073
vt 0.937685 0.324147
vt 0.950629 0.290655
vt 0.190121 0.852928
vt 0.951944 0.319758
vt 0.486418 0.886393
vt 0.936315 0.324147
vt 0.233787 0.852928
vt 0.468387 0.891882
vt 0.535830 0.886393
vt 0.364783 0.891695
vt 0.255620 0.890549
vt 0.468387 0.889113
vt 0.533061 0.886393
vt 0.662835 0.482474
vt 0.465989 0.890498
vt 0.660915 0.482474
vt 0.367553 0.891695
vt 0.978992 0.970477
vt 0.921819 0.294252
vt 0.454253 0.867281
vt 0.168289 0.890549
vt 0.980457 0.038835
vt 0.979513 0.968629
vt 0.923189 0.293685
vt 0.631126 0.663449
vt 0.614242 0.941619
vt 0.977593 0.968629
vt 0.627506 0.662998
vt 0.450635 0.867281
vt 0.980457 0.318321
vt 0.497628 0.874760
vt 0.631126 0.455591
vt 0.375762 0.852927
vt 0.252900 0.890549
vt 0.494743 0.875574
vt 0.476343 0.867281
vt 0.378531 0.854074
vt 0.974714 0.941619
vt 0.497628 0.877757
vt 0.627487 0.457045
vt 0.479961 0.867281
vt 0.794478 0.929379
vt 0.868204 0.569059
vt 0.870759 0.569061
vt 0.233787 0.890549
vt 0.497628 0.883474
vt 0.476343 0.886393
vt 0.364783 0.854074
vt 0.497628 0.880477
vt 0.871762 0.716069
vt 0.367553 0.852927
vt 0.974714 0.929379
vt 0.494743 0.881290
vt 0.479961 0.886393
vt 0.869202 0.715475
vt 0.951940 0.317043
vt 0.454253 0.886394
vt 0.951998 0.272051
vt 0.187401 0.890549
vt 0.614242 0.929379
vt 0.951940 0.315254
vt 0.450635 0.886394
vt 0.869192 0.422651
vt 0.950758 0.316149
vt 0.871762 0.421606
vt 0.950629 0.271483
vt 0.794479 0.955602
vt 0.719893 0.563436
vt 0.722449 0.563438
vt 0.505953 0.880147
vt 0.723452 0.415983
vt 0.660915 0.455591
vt 0.255620 0.852928
vt 0.505953 0.877150
vt 0.583880 0.526382
vt 0.662835 0.456387
vt 0.974715 0.955602
vt 0.503068 0.879333
vt 0.720881 0.417027
vt 0.581371 0.526382
vt 0.923609 0.326482
vt 0.723452 0.710446
vt 0.937685 0.304975
vt 0.614242 0.955602
vt 0.923609 0.324999
vt 0.720892 0.709851
vt 0.923609 0.323654
vt 0.190121 0.890549
vt 0.922182 0.326079
vt 0.921819 0.323654
vt 0.936315 0.305542
vt 0.209234 0.890549
vt 0.519363 0.889113
vt 0.921819 0.314202
vt 0.408697 0.890548
vt 0.614242 0.943361
vt 0.516478 0.891297
vt 0.923609 0.314202
vt 0.633012 0.457045
vt 0.953344 0.038835
vt 0.519363 0.892110
vt 0.636651 0.455591
vt 0.411466 0.891695
vt 0.274732 0.852928
vt 0.660835 0.529782
vt 0.583880 0.513129
vt 0.950629 0.210500
vt 0.953344 0.318321
vt 0.662835 0.530346
vt 0.636651 0.663448
vt 0.951998 0.209933
vt 0.974715 0.943361
vt 0.662835 0.528268
vt 0.581371 0.513129
vt 0.633031 0.662997
s 0
usemtl Crate
f 129/449/27 123/432/27 127/442/27 136/477/27 132/461/27
f 97/337/28 105/368/28 130/453/28 131/457/28
f 111/391/29 114/403/29 119/417/29 115/407/29 121/425/29
f 101/353/30 106/372/30 117/410/30 113/399/30
f 112/395/31 110/387/31 98/341/31 133/465/31 135/473/31 102/357/31
f 126/438/32 107/376/32 100/349/32 134/469/32
f 97/338/33 98/342/33 99/345/33
f 100/350/34 101/354/34 102/358/34
f 103/361/35 104/365/35 105/369/35
f 106/373/36 107/377/36 108/380/36
f 109/383/37 110/388/37 111/392/37
f 112/396/38 113/400/38 114/404/38
f 117/411/39 118/414/39 119/418/39
f 120/421/40 121/426/40 122/429/40
f 125/435/41 126/439/41 127/443/41
f 128/446/42 129/450/42 130/454/42
f 131/458/43 132/462/43 133/466/43
f 134/470/44 135/474/44 136/478/44
f 99/346/45 103/362/45 105/370/45 97/339/45
f 100/351/46 107/378/46 106/374/46 101/355/46
f 98/343/47 110/389/47 109/384/47 99/347/47
f 110/390/48 112/397/48 114/405/48 111/393/48
f 113/401/49 117/412/49 119/419/49 114/406/49
f 111/394/50 121/427/50 120/422/50 109/385/50
f 124/434/51 125/436/51 127/444/51 123/433/51
f 123/433/51 129/451/51 128/447/51 124/434/51
f 129/452/52 132/463/52 131/459/52 130/455/52
f 126/440/53 134/471/53 136/479/53 127/445/53
f 115/408/54 119/420/54 118/415/54 116/409/54
f 116/409/54 122/430/54 121/428/54 115/408/54
f 132/464/55 136/480/55 135/475/55 133/467/55
f 104/366/56 128/448/56 130/456/56 105/371/56
f 101/356/57 113/402/57 112/398/57 102/359/57
f 102/360/58 135/476/58 134/472/58 100/352/58
f 107/379/59 126/441/59 125/437/59 108/381/59
f 103/363/60 120/423/60 122/431/60 104/367/60
f 108/382/61 118/416/61 117/413/61 106/375/61
f 97/340/62 131/460/62 133/468/62 98/344/62
f 103/364/63 99/348/63 109/386/63 120/424/63
f 169/593/27 172/605/27 176/621/27 167/586/27 163/576/27
f 137/481/28 171/601/28 170/597/28 145/512/28
f 151/535/29 161/569/29 155/551/29 159/561/29 154/547/29
f 141/497/30 153/543/30 157/554/30 146/516/30
f 152/539/64 142/501/64 175/617/64 173/609/64 138/485/64 150/531/64
f 166/582/32 174/613/32 140/493/32 147/520/32
f 137/482/35 139/489/35 138/486/35
f 140/494/36 142/502/36 141/498/36
f 143/505/33 145/513/33 144/509/33
f 146/517/34 148/524/34 147/521/34
f 149/527/40 151/536/40 150/532/40
f 152/540/39 154/548/39 153/544/39
f 157/555/65 159/562/65 158/558/65
f 160/565/37 162/573/37 161/570/37
f 165/579/44 167/587/44 166/583/44
f 168/590/43 170/598/43 169/594/43
f 171/602/66 173/610/66 172/606/66
f 174/614/41 176/622/41 175/618/41
f 139/490/45 137/483/45 145/514/45 143/506/45
f 140/495/46 141/499/46 146/518/46 147/522/46
f 138/487/60 139/491/60 149/528/60 150/533/60
f 150/534/54 151/537/54 154/549/54 152/541/54
f 153/545/49 154/550/49 159/563/49 157/556/49
f 151/538/50 149/529/50 160/566/50 161/571/50
f 164/578/55 163/577/55 167/588/55 165/580/55
f 163/577/55 164/578/55 168/591/55 169/595/55
f 169/596/52 170/599/52 171/603/52 172/607/52
f 166/584/53 167/589/53 176/623/53 174/615/53
f 155/552/67 156/553/67 158/559/67 159/564/67
f 156/553/67 155/552/67 161/572/67 162/574/67
f 172/608/68 173/611/68 175/619/68 176/624/68
f 144/510/62 145/515/62 170/600/62 168/592/62
f 141/500/61 142/503/61 152/542/61 153/546/61
f 142/504/59 140/496/59 174/616/59 175/620/59
f 147/523/58 148/525/58 165/581/58 166/585/58
f 143/507/47 144/511/47 162/575/47 160/567/47
f 148/526/57 146/519/57 157/557/57 158/560/57
f 137/484/56 138/488/56 173/612/56 171/604/56
f 143/508/63 160/568/63 149/530/63 139/492/63
o Plank.001
v -0.542675 0.185278 0.358850
v -0.547444 0.190278 0.357350
v -0.541174 0.190278 0.354081
v -0.880140 1.309722 1.431456
v -0.878639 1.314722 1.426686
v -0.883409 1.309722 1.425186
v -0.494620 0.190278 0.368728
v -0.491351 0.190278 0.374998
v -0.496120 0.185278 0.373497
v -0.832084 1.314722 1.441333
v -0.833585 1.309722 1.446103
v -0.827315 1.309722 1.442834
v -0.541174 0.286344 0.354081
v -0.547444 0.289273 0.357350
v -0.542235 0.294879 0.357453
v -0.853699 1.309722 1.330755
v -0.849808 1.314722 1.335049
v -0.847246 1.311187 1.326907
v -0.648186 0.803033 0.856827
v -0.644478 0.799497 0.861700
v -0.803253 1.314722 1.349696
v -0.797605 1.309722 1.348403
v -0.800692 1.311187 1.341554
v -0.494620 0.286344 0.368728
v -0.495681 0.294879 0.372100
v -0.491351 0.289273 0.374998
v -0.680018 0.696967 0.958004
v -0.674188 0.700503 0.956132
v -0.827315 1.210727 1.442834
v -0.833585 1.213656 1.446103
v -0.832524 1.205121 1.442730
v -0.521061 0.190278 0.469429
v -0.527513 0.188813 0.473277
v -0.524951 0.185278 0.465135
v -0.571506 0.185278 0.450488
v -0.574068 0.188813 0.458630
v -0.577154 0.190278 0.451781
v -0.880140 1.213656 1.431456
v -0.883409 1.210727 1.425186
v -0.879079 1.205121 1.428083
v 0.878639 0.185278 0.806027
v 0.883409 0.190278 0.807527
v 0.880140 0.190278 0.801257
v 0.541174 1.309722 1.878632
v 0.542675 1.314722 1.873863
v 0.547444 1.309722 1.875363
v 0.833585 0.190278 0.786610
v 0.827315 0.190278 0.789879
v 0.832084 0.185278 0.791379
v 0.496120 1.314722 1.859215
v 0.494619 1.309722 1.863985
v 0.491351 1.309722 1.857715
v 0.880140 0.286344 0.801257
v 0.883409 0.289273 0.807527
v 0.879079 0.294879 0.804630
v 0.577154 1.309722 1.780932
v 0.571506 1.314722 1.782225
v 0.574067 1.311187 1.774083
v 0.680018 0.803033 1.274709
v 0.674188 0.799497 1.276581
v 0.524951 1.314722 1.767578
v 0.521061 1.309722 1.763284
v 0.527513 1.311187 1.759436
v 0.833585 0.286344 0.786610
v 0.832524 0.294879 0.789982
v 0.827315 0.289273 0.789879
v 0.648186 0.696967 1.375885
v 0.644478 0.700503 1.371012
v 0.491351 1.210727 1.857715
v 0.494619 1.213656 1.863985
v 0.495681 1.205121 1.860612
v 0.797605 0.190278 0.884310
v 0.800692 0.188813 0.891159
v 0.803253 0.185278 0.883017
v 0.849808 0.185278 0.897664
v 0.847246 0.188813 0.905806
v 0.853699 0.190278 0.901958
v 0.541174 1.213656 1.878632
v 0.547444 1.210727 1.875363
v 0.542235 1.205121 1.875259
vn -0.2122 -0.7071 0.6745
vn -0.0000 -1.0000 -0.0000
vn 0.2122 0.7071 -0.6745
vn -0.0000 1.0000 -0.0000
vn -0.9539 -0.0000 -0.3001
vn -0.3001 -0.0000 0.9539
vn -0.3775 -0.5773 -0.7240
vn -0.7240 0.5773 0.3775
vn 0.7240 -0.5773 -0.3775
vn 0.3775 0.5773 0.7240
vn -0.3197 0.3135 -0.8941
vn -0.4528 0.7570 -0.4712
vn 0.6410 0.7570 -0.1270
vn 0.7741 0.3135 -0.5500
vn 0.3197 -0.3135 0.8941
vn 0.4528 -0.7570 0.4712
vn -0.6410 -0.7570 0.1270
vn -0.7741 -0.3135 0.5500
vn 0.2122 -0.7071 -0.6745
vn -0.2122 0.7071 0.6745
vn -0.4623 -0.0000 -0.8867
vn -0.5244 0.5000 -0.6892
vn 0.1148 0.9239 -0.3650
vn 0.2773 0.3827 -0.8813
vn 0.5245 -0.5000 0.6892
vn -0.1148 -0.9239 0.3650
vn -0.2773 -0.3827 0.8813
vn 0.8246 0.5000 -0.2647
vn -0.8246 -0.5000 0.2647
vn 0.6745 -0.7071 0.2122
vn -0.6745 0.7071 -0.2122
vn -0.8867 -0.0000 0.4623
vn 0.4623 -0.0000 0.8867
vn 0.8867 -0.0000 -0.4623
vn 0.6745 0.7071 0.2122
vn -0.6745 -0.7071 -0.2122
vn 0.3001 -0.0000 -0.9539
vn 0.9539 -0.0000 0.3001
vn 0.7740 0.3136 -0.5500
vn -0.3197 0.3136 -0.8941
vn -0.5245 0.5000 -0.6892
vn 0.5244 -0.5000 0.6892
vt 0.034523 0.852928
vt 0.543668 0.890498
vt 0.951998 0.302638
vt 0.950629 0.249622
vt 0.639704 0.453705
vt 0.546066 0.889113
vt 0.950629 0.147036
vt 0.951998 0.249622
vt 0.546066 0.891882
vt 0.950629 0.302638
vt 0.951998 0.147036
vt 0.009921 0.891695
vt 0.124623 0.890548
vt 0.540948 0.891882
vt 0.530341 0.867281
vt 0.951998 0.106002
vt 0.299285 0.852927
vt 0.538550 0.890498
vt 0.527572 0.867281
vt 0.392229 0.891695
vt 0.639704 0.023794
vt 0.540948 0.889113
vt 0.394998 0.891695
vt 0.950629 0.106002
vt 0.950629 0.293186
vt 0.029034 0.891695
vt 0.951314 0.292000
vt 0.056405 0.852928
vt 0.031803 0.891695
vt 0.951998 0.293186
vt 0.053635 0.852928
vt 0.318398 0.852927
vt 0.951944 0.325187
vt 0.527572 0.886394
vt 0.951998 0.064968
vt 0.143736 0.890548
vt 0.950758 0.324502
vt 0.530341 0.886394
vt 0.419675 0.891696
vt 0.951944 0.323818
vt 0.422444 0.891696
vt 0.950629 0.064968
vt 0.979910 0.972219
vt 0.951998 0.128432
vt 0.513024 0.874430
vt 0.009921 0.854075
vt 0.658713 0.434696
vt 0.978752 0.973749
vt 0.950629 0.127864
vt 0.658713 0.455591
vt 0.919985 0.291862
vt 0.977593 0.972219
vt 0.655084 0.457094
vt 0.509406 0.874430
vt 0.658713 0.042803
vt 0.505953 0.882867
vt 0.658713 0.663973
vt 0.394998 0.852927
vt 0.299285 0.890549
vt 0.505953 0.885865
vt 0.460828 0.867281
vt 0.392229 0.854074
vt 0.918174 0.026281
vt 0.503068 0.883681
vt 0.655102 0.663581
vt 0.457211 0.867281
vt 0.928098 0.159010
vt 0.930415 0.159012
vt 0.318398 0.890549
vt 0.978115 0.966887
vt 0.460828 0.886394
vt 0.951998 0.046363
vt 0.977593 0.965040
vt 0.931325 0.025279
vt 0.950629 0.045796
vt 0.927192 0.026220
vt 0.979513 0.965040
vt 0.457211 0.886394
vt 0.928994 0.026226
vt 0.513024 0.855317
vt 0.029034 0.854075
vt 0.509406 0.855317
vt 0.929003 0.291801
vt 0.511215 0.852927
vt 0.931325 0.292340
vt 0.031803 0.852927
vt 0.794479 0.971326
vt 0.714449 0.563435
vt 0.717005 0.563437
vt 0.497628 0.889192
vt 0.718007 0.710444
vt 0.422444 0.852927
vt 0.143736 0.852927
vt 0.494743 0.888378
vt 0.435239 0.867281
vt 0.419675 0.854074
vt 0.974716 0.971326
vt 0.497628 0.886194
vt 0.715448 0.709849
vt 0.431621 0.867281
vt 0.504877 0.852927
vt 0.718007 0.415983
vt 0.056405 0.891695
vt 0.614242 0.971326
vt 0.715437 0.417027
vt 0.506686 0.855317
vt 0.503068 0.855317
vt 0.053635 0.890549
vt 0.034523 0.890549
vt 0.509406 0.879334
vt 0.503068 0.874430
vt 0.950629 0.231017
vt 0.614242 0.983567
vt 0.512291 0.877150
vt 0.506686 0.874430
vt 0.638555 0.663581
vt 0.620695 0.434696
vt 0.512291 0.880147
vt 0.642167 0.663973
vt 0.951998 0.230449
vt 0.124623 0.852927
vt 0.581371 0.532797
vt 0.435239 0.886394
vt 0.951998 0.087397
vt 0.620695 0.042803
vt 0.583372 0.532233
vt 0.642167 0.455591
vt 0.950629 0.086830
vt 0.974716 0.983567
vt 0.583372 0.534311
vt 0.431621 0.886394
vt 0.638537 0.457094
vt 0.100070 0.852927
vt 0.471107 0.890498
vt 0.524852 0.867281
vt 0.662835 0.511243
vt 0.679608 0.023794
vt 0.473505 0.891882
vt 0.951998 0.044451
vt 0.660915 0.511243
vt 0.473505 0.889113
vt 0.522082 0.867281
vt 0.950629 0.044451
vt 0.146456 0.852927
vt 0.102790 0.852927
vt 0.453033 0.891882
vt 0.544039 0.867281
vt 0.950629 0.167554
vt 0.340231 0.852927
vt 0.453033 0.889113
vt 0.546808 0.867281
vt 0.583880 0.482474
vt 0.679608 0.453705
vt 0.450635 0.890498
vt 0.581960 0.482474
vt 0.951998 0.167554
vt 0.551184 0.891882
vt 0.522082 0.886394
vt 0.381251 0.852927
vt 0.165569 0.852927
vt 0.551184 0.889113
vt 0.389509 0.891695
vt 0.384020 0.852927
vt 0.080957 0.852927
vt 0.548786 0.890498
vt 0.524852 0.886394
vt 0.386740 0.891695
vt 0.321118 0.852927
vt 0.486047 0.891882
vt 0.546808 0.886393
vt 0.397718 0.891695
vt 0.121903 0.852927
vt 0.486047 0.889113
vt 0.544039 0.886393
vt 0.951998 0.270138
vt 0.483649 0.890498
vt 0.950629 0.270138
vt 0.400488 0.891695
vt 0.977593 0.982036
vt 0.950629 0.025846
vt 0.519363 0.867281
vt 0.146456 0.890548
vt 0.698618 0.042803
vt 0.978752 0.983567
vt 0.951998 0.025279
vt 0.620076 0.663446
vt 0.614242 0.969584
vt 0.979911 0.982036
vt 0.616456 0.662995
vt 0.515745 0.867281
vt 0.698618 0.434696
vt 0.978752 0.980294
vt 0.620076 0.455591
vt 0.581960 0.455591
vt 0.340231 0.890548
vt 0.979910 0.978763
vt 0.444297 0.867281
vt 0.583880 0.456386
vt 0.974716 0.969584
vt 0.977593 0.978763
vt 0.616437 0.457045
vt 0.447915 0.867281
vt 0.794479 0.957344
vt 0.725338 0.563437
vt 0.727893 0.563439
vt 0.321118 0.890548
vt 0.581371 0.529783
vt 0.444297 0.886393
vt 0.397718 0.854074
vt 0.583372 0.530347
vt 0.728896 0.710448
vt 0.400488 0.852927
vt 0.974716 0.957344
vt 0.583372 0.528268
vt 0.447915 0.886393
vt 0.726336 0.709854
vt 0.660835 0.532797
vt 0.519363 0.886393
vt 0.381251 0.890548
vt 0.165569 0.890548
vt 0.614242 0.957344
vt 0.662835 0.534311
vt 0.515745 0.886393
vt 0.726326 0.417027
vt 0.662835 0.532233
vt 0.728896 0.415983
vt 0.384020 0.891695
vt 0.713757 0.218945
vt 0.862759 0.569058
vt 0.865315 0.569060
vt 0.492023 0.883474
vt 0.866318 0.421606
vt 0.950629 0.250967
vt 0.121903 0.890549
vt 0.492023 0.880477
vt 0.467166 0.886394
vt 0.951998 0.251534
vt 0.713757 0.023794
vt 0.489138 0.882661
vt 0.863747 0.422651
vt 0.463548 0.886394
vt 0.511558 0.885865
vt 0.866318 0.716067
vt 0.389509 0.852927
vt 0.713757 0.414096
vt 0.511558 0.882867
vt 0.863758 0.715472
vt 0.428782 0.886394
vt 0.080957 0.890549
vt 0.508673 0.885051
vt 0.425164 0.886394
vt 0.386740 0.854074
vt 0.100070 0.890549
vt 0.489138 0.875573
vt 0.425164 0.867281
vt 0.662835 0.485155
vt 0.700504 0.414096
vt 0.492023 0.877757
vt 0.428782 0.867281
vt 0.621962 0.457045
vt 0.660600 0.042803
vt 0.492023 0.874760
vt 0.625601 0.455591
vt 0.660915 0.484360
vt 0.102790 0.890549
vt 0.978992 0.963298
vt 0.467166 0.867281
vt 0.950629 0.148949
vt 0.660600 0.434696
vt 0.979513 0.961450
vt 0.625601 0.663447
vt 0.951998 0.148381
vt 0.700504 0.023794
vt 0.977593 0.961450
vt 0.463548 0.867281
vt 0.621981 0.662996
s 0
usemtl Crate
f 209/728/69 203/711/69 207/721/69 216/753/69 212/737/69
f 177/625/70 185/655/70 210/732/70 211/733/70
f 191/675/71 194/687/71 199/700/71 195/691/71 201/707/71
f 181/641/72 186/656/72 197/693/72 193/683/72
f 192/679/73 190/671/73 178/629/73 213/741/73 215/749/73 182/645/73
f 206/717/74 187/660/74 180/637/74 214/745/74
f 177/626/75 178/630/75 179/633/75
f 180/638/76 181/642/76 182/646/76
f 183/649/77 184/651/77 185/654/77
f 186/657/78 187/661/78 188/664/78
f 189/667/79 190/672/79 191/676/79
f 192/680/80 193/684/80 194/688/80
f 197/694/81 198/697/81 199/701/81
f 200/704/82 201/706/82 202/708/82
f 205/714/83 206/718/83 207/722/83
f 208/725/84 209/730/84 210/731/84
f 211/734/85 212/738/85 213/742/85
f 214/746/86 215/750/86 216/754/86
f 179/634/87 183/649/87 185/654/87 177/627/87
f 180/639/88 187/662/88 186/658/88 181/643/88
f 178/631/89 190/673/89 189/668/89 179/635/89
f 190/674/90 192/681/90 194/689/90 191/677/90
f 193/685/91 197/695/91 199/702/91 194/690/91
f 191/678/92 201/706/92 200/704/92 189/669/92
f 204/713/93 205/715/93 207/723/93 203/712/93
f 203/712/93 209/729/93 208/726/93 204/713/93
f 209/730/94 212/739/94 211/735/94 210/731/94
f 206/719/95 214/747/95 216/755/95 207/724/95
f 195/691/96 199/703/96 198/698/96 196/692/96
f 196/692/96 202/709/96 201/707/96 195/691/96
f 212/740/97 216/756/97 215/751/97 213/743/97
f 184/652/98 208/727/98 210/732/98 185/655/98
f 181/644/99 193/686/99 192/682/99 182/647/99
f 182/648/100 215/752/100 214/748/100 180/640/100
f 187/663/101 206/720/101 205/716/101 188/665/101
f 183/650/102 200/705/102 202/710/102 184/653/102
f 188/666/103 198/699/103 197/696/103 186/659/103
f 177/628/104 211/736/104 213/744/104 178/632/104
f 183/650/105 179/636/105 189/670/105 200/705/105
f 249/869/69 252/881/69 256/897/69 247/862/69 243/852/69
f 217/757/70 251/877/70 250/873/70 225/788/70
f 231/811/71 241/845/71 235/827/71 239/837/71 234/823/71
f 221/773/72 233/819/72 237/830/72 226/792/72
f 232/815/106 222/777/106 255/893/106 253/885/106 218/761/106 230/807/106
f 246/858/74 254/889/74 220/769/74 227/796/74
f 217/758/77 219/765/77 218/762/77
f 220/770/78 222/778/78 221/774/78
f 223/781/75 225/789/75 224/785/75
f 226/793/76 228/800/76 227/797/76
f 229/803/107 231/812/107 230/808/107
f 232/816/81 234/824/81 233/820/81
f 237/831/80 239/838/80 238/834/80
f 240/841/108 242/849/108 241/846/108
f 245/855/86 247/863/86 246/859/86
f 248/866/85 250/874/85 249/870/85
f 251/878/84 253/886/84 252/882/84
f 254/890/83 256/898/83 255/894/83
f 219/766/87 217/759/87 225/790/87 223/782/87
f 220/771/88 221/775/88 226/794/88 227/798/88
f 218/763/102 219/767/102 229/804/102 230/809/102
f 230/810/96 231/813/96 234/825/96 232/817/96
f 233/821/91 234/826/91 239/839/91 237/832/91
f 231/814/92 229/805/92 240/842/92 241/847/92
f 244/854/97 243/853/97 247/864/97 245/856/97
f 243/853/97 244/854/97 248/867/97 249/871/97
f 249/872/94 250/875/94 251/879/94 252/883/94
f 246/860/95 247/865/95 256/899/95 254/891/95
f 235/828/109 236/829/109 238/835/109 239/840/109
f 236/829/109 235/828/109 241/848/109 242/850/109
f 252/884/110 253/887/110 255/895/110 256/900/110
f 224/786/104 225/791/104 250/876/104 248/868/104
f 221/776/103 222/779/103 232/818/103 233/822/103
f 222/780/101 220/772/101 254/892/101 255/896/101
f 227/799/100 228/801/100 245/857/100 246/861/100
f 223/783/89 224/787/89 242/851/89 240/843/89
f 228/802/99 226/795/99 237/833/99 238/836/99
f 217/760/98 218/764/98 253/888/98 251/880/98
f 223/784/105 240/844/105 229/806/105 219/768/105
o Crate_Main.001
v -1.876275 0.000000 -0.695996
v -0.999626 0.000000 0.469002
v -1.016410 0.021005 0.481632
v -1.893059 0.021005 -0.683366
v -0.711277 0.000000 -1.572644
v -1.888905 0.021005 -0.712780
v -0.723907 0.021005 -1.589429
v -0.694493 1.478995 -1.585274
v -0.694493 0.021005 -1.585274
v -0.723907 1.478995 -1.589429
v -0.986996 0.021005 0.485786
v -0.986996 1.478995 0.485786
v -1.016410 1.478995 0.481632
v 0.178002 1.478995 -0.390862
v 0.178002 0.021005 -0.390862
v 0.182156 0.021005 -0.420277
v 0.182156 1.478995 -0.420277
v -1.888905 1.478995 -0.712780
v -1.893059 1.478995 -0.683366
v 0.165372 1.500000 -0.407647
v -0.999626 1.500000 0.469002
v -0.711277 1.500000 -1.572644
v 0.165372 0.000000 -0.407647
v -1.876275 1.500000 -0.695996
v -1.646241 0.058805 -0.663507
v -0.967137 0.058805 0.238969
v -1.068195 0.185278 0.315014
v -1.747299 0.185278 -0.587462
v -0.743765 0.058805 -1.342611
v -1.722286 0.185278 -0.764565
v -0.819810 0.185278 -1.443669
v -0.642708 1.314722 -1.418656
v -0.642708 0.185278 -1.418656
v -0.819810 1.314722 -1.443669
v -0.891092 0.185278 0.340026
v -0.891092 1.314722 0.340026
v -1.068195 1.314722 0.315014
v 0.011383 1.314722 -0.339077
v 0.011383 0.185278 -0.339077
v 0.036396 0.185278 -0.516180
v 0.036396 1.314722 -0.516180
v -1.722286 1.314722 -0.764565
v -1.747299 1.314722 -0.587462
v -0.064662 1.441195 -0.440135
v -0.967137 1.441195 0.238969
v -0.743765 1.441195 -1.342611
v -0.064662 0.058805 -0.440135
v -1.646241 1.441195 -0.663507
v -0.852162 1.314722 -1.486661
v -0.851173 1.319722 -1.493662
v -0.598727 1.319722 -1.458009
v -0.599715 1.314722 -1.451007
v -0.852162 0.185278 -1.486661
v -0.851173 0.180278 -1.493662
v -0.599715 0.185278 -1.451007
v -0.598727 0.180278 -1.458009
v 0.079388 1.314722 -0.548531
v 0.086390 1.319722 -0.547542
v 0.050736 1.319722 -0.295096
v 0.043734 1.314722 -0.296085
v 0.086390 0.180278 -0.547542
v 0.079388 0.185278 -0.548531
v 0.043734 0.185278 -0.296085
v 0.050736 0.180278 -0.295096
v -1.761639 1.319722 -0.808546
v -1.754637 1.314722 -0.807557
v -1.790291 1.314722 -0.555111
v -1.797293 1.319722 -0.556100
v -1.790291 0.185278 -0.555111
v -1.797293 0.180278 -0.556100
v -1.761639 0.180278 -0.808546
v -1.754637 0.185278 -0.807557
v -1.112176 1.319722 0.354366
v -1.111187 1.314722 0.347365
v -0.858741 1.314722 0.383019
v -0.859730 1.319722 0.390020
v -0.859730 0.180278 0.390020
v -0.858741 0.185278 0.383019
v -1.112176 0.180278 0.354366
v -1.111187 0.185278 0.347365
v -0.742777 1.500000 -1.349612
v -0.743765 1.495000 -1.342611
v -0.742777 0.000000 -1.349612
v -0.743765 0.005000 -1.342611
v -0.057660 1.500000 -0.439146
v -0.064662 1.495000 -0.440135
v -0.064662 0.005000 -0.440135
v -0.057660 0.000000 -0.439146
v -1.646241 1.495000 -0.663507
v -1.653243 1.500000 -0.664496
v -1.653243 0.000000 -0.664496
v -1.646241 0.005000 -0.663507
v -0.967137 1.495000 0.238969
v -0.968126 1.500000 0.245970
v -0.967137 0.005000 0.238969
v -0.968126 0.000000 0.245970
vn -0.6013 -0.0000 -0.7990
vn -0.0000 1.0000 -0.0000
vn 0.7990 -0.0000 -0.6013
vn -0.0000 -1.0000 -0.0000
vn 0.1142 0.5774 -0.8085
vn 0.1142 -0.5774 -0.8085
vn 0.8085 0.5774 0.1142
vn 0.8085 -0.5774 0.1142
vn -0.8085 0.5774 -0.1142
vn -0.8085 -0.5774 -0.1142
vn -0.1142 0.5774 0.8085
vn -0.1142 -0.5774 0.8085
vn -0.5650 -0.7071 0.4252
vn -0.4252 -0.7071 -0.5650
vn 0.1398 -0.0000 -0.9902
vn -0.1398 -0.0000 0.9902
vn 0.9902 -0.0000 0.1398
vn -0.9902 -0.0000 -0.1398
vn 0.4252 0.7071 0.5650
vn 0.5650 0.7071 -0.4252
vn 0.4252 -0.7071 0.5650
vn -0.5650 0.7071 0.4252
vn -0.4252 0.7071 -0.5650
vn 0.5650 -0.7071 -0.4252
vn -0.7990 -0.0000 0.6013
vn 0.6013 -0.0000 0.7990
vn 0.1399 -0.0000 -0.9902
vn -0.1399 -0.0000 0.9902
vt 0.515745 0.858744
vt 0.614242 0.779910
vt 0.979909 0.789103
vt 0.000652 0.281683
vt 0.486418 0.864561
vt 0.979909 0.779910
vt 0.880780 0.023794
vt 0.000652 0.555550
vt 0.486418 0.852927
vt 0.979909 0.787361
vt 0.979911 0.770718
vt 0.553596 0.281683
vt 0.525819 0.852927
vt 0.614242 0.787361
vt 0.943467 0.307640
vt 0.279730 0.281683
vt 0.551409 0.864561
vt 0.614242 0.789103
vt 0.614242 0.768976
vt 0.274519 0.281683
vt 0.525819 0.864561
vt 0.979909 0.796553
vt 0.949220 0.307640
vt 0.552368 0.559652
vt 0.541334 0.858744
vt 0.614242 0.796553
vt 0.870826 0.023794
vt 0.278502 0.559652
vt 0.450754 0.858744
vt 0.862759 0.419720
vt 0.890733 0.419719
vt 0.274519 0.833651
vt 0.551409 0.852927
vt 0.862760 0.023794
vt 0.614242 0.761526
vt 0.274519 0.559784
vt 0.460828 0.852927
vt 0.870826 0.419720
vt 0.892619 0.419721
vt 0.278502 0.833518
vt 0.476343 0.858744
vt 0.979911 0.778168
vt 0.872713 0.023794
vt 0.000652 0.274519
vt 0.528539 0.858744
vt 0.614242 0.778168
vt 0.614242 0.752333
vt 0.274519 0.274519
vt 0.538614 0.864561
vt 0.614242 0.770718
vt 0.910639 0.419719
vt 0.553596 0.555550
vt 0.425164 0.858744
vt 0.979909 0.805746
vt 0.979908 0.752333
vt 0.274519 0.000652
vt 0.473623 0.852927
vt 0.614242 0.805746
vt 0.872713 0.419720
vt 0.000652 0.000652
vt 0.463548 0.858744
vt 0.614242 0.798295
vt 0.979910 0.761526
vt 0.000652 0.559784
vt 0.435239 0.852927
vt 0.979909 0.798295
vt 0.890733 0.023794
vt 0.000652 0.833651
vt 0.448033 0.852927
vt 0.949220 0.025279
vt 0.892619 0.023794
vt 0.552368 0.833518
vt 0.448033 0.864561
vt 0.943467 0.025279
vt 0.910639 0.023794
vt 0.279730 0.555550
vt 0.435239 0.864561
vt 0.979908 0.759783
vt 0.882666 0.023794
vt 0.553596 0.274519
vt 0.538614 0.852927
vt 0.614242 0.759784
vt 0.902572 0.419719
vt 0.553596 0.000652
vt 0.460828 0.864561
vt 0.882666 0.419719
vt 0.900686 0.419721
vt 0.279730 0.274519
vt 0.473623 0.864561
vt 0.880780 0.419720
vt 0.979910 0.768976
vt 0.274519 0.555550
vt 0.437959 0.858744
vt 0.902572 0.023794
vt 0.900686 0.023794
vt 0.279730 0.000652
vt 0.897510 0.836218
vt 0.813268 0.332389
vt 0.518670 0.593347
vt 0.614242 0.836218
vt 0.897509 0.851455
vt 0.312737 0.593347
vt 0.614242 0.820982
vt 0.313441 0.035395
vt 0.829765 0.639097
vt 0.897510 0.897164
vt 0.313441 0.241887
vt 0.829765 0.332389
vt 0.811382 0.639097
vt 0.813268 0.639097
vt 0.518670 0.799279
vt 0.829765 0.330502
vt 0.747280 0.023794
vt 0.314429 0.316983
vt 0.829765 0.023794
vt 0.314429 0.521768
vt 0.811382 0.023794
vt 0.614242 0.866691
vt 0.240187 0.036090
vt 0.897510 0.881928
vt 0.761890 0.332389
vt 0.035297 0.036090
vt 0.614242 0.881927
vt 0.763777 0.330503
vt 0.519214 0.521768
vt 0.811382 0.330502
vt 0.763777 0.332389
vt 0.780274 0.330502
vt 0.034593 0.800290
vt 0.780274 0.023794
vt 0.897510 0.912400
vt 0.241933 0.800290
vt 0.897510 0.820982
vt 0.614242 0.927637
vt 0.519932 0.035395
vt 0.614242 0.912400
vt 0.846262 0.639097
vt 0.241933 0.592950
vt 0.763777 0.639097
vt 0.846262 0.332389
vt 0.034593 0.592950
vt 0.860873 0.023794
vt 0.761890 0.639097
vt 0.035297 0.240980
vt 0.860873 0.330502
vt 0.897510 0.866691
vt 0.240187 0.240980
vt 0.763777 0.023794
vt 0.747279 0.330503
vt 0.519214 0.316983
vt 0.614242 0.897164
vt 0.897509 0.927637
vt 0.519932 0.241887
vt 0.813268 0.330502
vt 0.034247 0.522870
vt 0.794885 0.639097
vt 0.730782 0.330503
vt 0.813268 0.023794
vt 0.241272 0.522870
vt 0.730782 0.332389
vt 0.034247 0.315845
vt 0.794885 0.332389
vt 0.811382 0.332389
vt 0.614242 0.851455
vt 0.312737 0.799279
vt 0.730782 0.639097
vt 0.730782 0.023794
vt 0.241272 0.315845
vt 0.778388 0.330503
vt 0.680057 0.457872
vt 0.611350 0.640443
vt 0.796771 0.330502
vt 0.308419 0.803601
vt 0.683282 0.455591
vt 0.614551 0.641227
vt 0.244601 0.803733
vt 0.896382 0.711563
vt 0.599216 0.455591
vt 0.614242 0.853197
vt 0.897510 0.868433
vt 0.891570 0.710385
vt 0.595990 0.457872
vt 0.844376 0.023794
vt 0.690280 0.457872
vt 0.680082 0.640444
vt 0.796771 0.023794
vt 0.308419 0.589569
vt 0.693506 0.455591
vt 0.683282 0.641227
vt 0.747279 0.332389
vt 0.614242 0.868433
vt 0.891532 0.435896
vt 0.685193 0.640444
vt 0.244601 0.589702
vt 0.896382 0.432467
vt 0.688394 0.641227
vt 0.846263 0.330502
vt 0.897510 0.853197
vt 0.590878 0.457872
vt 0.596015 0.640442
vt 0.030570 0.803733
vt 0.594104 0.455591
vt 0.599216 0.641225
vt 0.244601 0.030570
vt 0.698617 0.641227
vt 0.673059 0.455591
vt 0.614242 0.898906
vt 0.860873 0.639097
vt 0.695417 0.640444
vt 0.669833 0.457872
vt 0.030570 0.589702
vt 0.594104 0.641225
vt 0.688394 0.455591
vt 0.846262 0.023794
vt 0.747280 0.639097
vt 0.590903 0.640442
vt 0.685168 0.457872
vt 0.778388 0.639097
vt 0.860873 0.332389
vt 0.695392 0.457872
vt 0.606239 0.640443
vt 0.030570 0.030570
vt 0.698617 0.455591
vt 0.609439 0.641227
vt 0.522451 0.803601
vt 0.931325 0.426075
vt 0.614551 0.455591
vt 0.778388 0.023794
vt 0.761890 0.330503
vt 0.929042 0.425516
vt 0.611325 0.457872
vt 0.614242 0.883670
vt 0.897509 0.914142
vt 0.664721 0.457872
vt 0.932688 0.436806
vt 0.309647 0.525632
vt 0.667947 0.455591
vt 0.934970 0.437364
vt 0.897510 0.883670
vt 0.844376 0.332389
vt 0.883847 0.435896
vt 0.664747 0.640444
vt 0.309648 0.311601
vt 0.888696 0.432467
vt 0.667947 0.641227
vt 0.522451 0.589569
vt 0.693506 0.641227
vt 0.931325 0.293685
vt 0.844376 0.330502
vt 0.761890 0.023794
vt 0.690305 0.640444
vt 0.929024 0.295312
vt 0.523679 0.525632
vt 0.678171 0.641227
vt 0.934970 0.304975
vt 0.897510 0.807488
vt 0.614242 0.914142
vt 0.674970 0.640444
vt 0.932670 0.306602
vt 0.794885 0.023794
vt 0.897510 0.898906
vt 0.947112 0.310612
vt 0.669858 0.640444
vt 0.244601 0.244601
vt 0.949413 0.308986
vt 0.673059 0.641227
vt 0.030570 0.244601
vt 0.949413 0.441375
vt 0.609439 0.455591
vt 0.778388 0.332389
vt 0.794885 0.330502
vt 0.947130 0.440816
vt 0.606214 0.457872
vt 0.523679 0.311601
vt 0.888696 0.711563
vt 0.678171 0.455591
vt 0.614242 0.807488
vt 0.844376 0.639097
vt 0.883885 0.710385
vt 0.674945 0.457872
vt 0.309647 0.244601
vt 0.945767 0.441375
vt 0.904067 0.432467
vt 0.745393 0.332389
vt 0.943485 0.440816
vt 0.899218 0.435896
vt 0.780274 0.332389
vt 0.244601 0.311601
vt 0.588992 0.641227
vt 0.927679 0.293685
vt 0.796771 0.639097
vt 0.827879 0.639097
vt 0.585791 0.640443
vt 0.925379 0.295312
vt 0.523679 0.244601
vt 0.942122 0.437364
vt 0.945767 0.308986
vt 0.827879 0.330502
vt 0.939839 0.436806
vt 0.943467 0.310612
vt 0.780274 0.639097
vt 0.796771 0.332389
vt 0.614242 0.837960
vt 0.601102 0.457872
vt 0.925397 0.425516
vt 0.244601 0.525632
vt 0.604327 0.455591
vt 0.927679 0.426075
vt 0.745393 0.639097
vt 0.745393 0.023794
vt 0.918174 0.295312
vt 0.899255 0.710381
vt 0.309647 0.030570
vt 0.920474 0.293685
vt 0.904067 0.711559
vt 0.030570 0.311601
vt 0.911752 0.711561
vt 0.588992 0.455591
vt 0.897510 0.822724
vt 0.827879 0.332389
vt 0.906940 0.710383
vt 0.585766 0.457872
vt 0.745393 0.330503
vt 0.827879 0.023794
vt 0.939821 0.306602
vt 0.918192 0.425516
vt 0.523679 0.030570
vt 0.942122 0.304975
vt 0.920474 0.426075
vt 0.614242 0.822724
vt 0.897509 0.837960
vt 0.906903 0.435896
vt 0.601127 0.640443
vt 0.030570 0.525632
vt 0.911752 0.432467
vt 0.604327 0.641226
s 0
usemtl Crate
f 313/1097/111 318/1114/111 296/1042/111 297/1045/111
f 334/1170/112 319/1118/112 295/1039/112 291/1027/112
f 314/1101/113 307/1076/113 264/932/113 273/968/113
f 344/1206/114 339/1188/114 261/920/114 279/992/114
f 266/937/115 278/985/115 264/929/115
f 261/917/116 263/925/116 265/933/116
f 273/965/117 276/977/117 270/953/117
f 272/961/118 271/957/118 279/989/118
f 274/969/119 275/973/119 280/993/119
f 260/913/120 262/921/120 257/901/120
f 269/949/121 268/945/121 277/981/121
f 258/905/122 267/941/122 259/909/122
f 257/902/123 258/906/123 259/910/123 260/914/123
f 261/918/124 257/903/124 262/922/124 263/926/124
f 264/930/125 265/934/125 263/927/125 266/938/125
f 267/942/126 268/946/126 269/950/126 259/911/126
f 270/954/127 271/958/127 272/962/127 273/966/127
f 274/970/128 262/923/128 260/915/128 275/974/128
f 276/978/129 277/982/129 268/947/129 270/955/129
f 278/986/130 276/979/130 273/967/130 264/931/130
f 258/907/131 279/990/131 271/959/131 267/943/131
f 277/983/132 280/994/132 275/975/132 269/951/132
f 280/995/133 278/987/133 266/939/133 274/971/133
f 279/991/134 261/919/134 265/935/134 272/963/134
f 331/1160/113 334/1171/113 291/1028/113 292/1030/113
f 351/1230/113 348/1219/113 281/997/113 282/1000/113
f 329/1153/135 335/1174/135 259/912/135 269/952/135
f 340/1191/135 343/1202/135 303/1063/135 285/1009/135
f 312/1094/113 317/1111/113 272/964/113 265/936/113
f 308/1079/114 313/1098/114 297/1046/114 288/1018/114
f 322/1128/114 305/1069/114 290/1024/114 298/1048/114
f 336/1177/111 330/1156/111 293/1033/111 283/1003/111
f 316/1107/114 331/1161/114 292/1031/114 294/1036/114
f 315/1104/136 320/1122/136 271/960/136 270/956/136
f 323/1132/136 325/1139/136 284/1006/136 299/1051/136
f 330/1157/114 323/1133/114 299/1052/114 293/1034/114
f 343/1203/111 351/1231/111 282/1001/111 303/1064/111
f 319/1119/135 316/1108/135 294/1037/135 295/1040/135
f 338/1184/136 345/1209/136 304/1066/136 302/1060/136
f 309/1083/112 328/1149/112 286/1012/112 287/1015/112
f 345/1210/113 349/1223/113 301/1057/113 304/1067/113
f 328/1150/113 322/1129/113 298/1049/113 286/1013/113
f 347/1216/114 352/1234/114 258/908/114 257/904/114
f 326/1143/135 324/1136/135 275/976/135 260/916/135
f 348/1220/136 340/1192/136 285/1010/136 281/998/136
f 310/1087/111 306/1073/111 266/940/111 263/928/111
f 349/1224/111 342/1198/111 300/1054/111 301/1058/111
f 318/1115/112 311/1090/112 289/1021/112 296/1043/112
f 281/999/114 285/1011/114 303/1065/114 282/1002/114
f 283/1004/135 293/1035/135 299/1053/135 284/1007/135
f 295/1041/136 294/1038/136 292/1032/136 291/1029/136
f 302/1061/112 304/1068/112 301/1059/112 300/1055/112
f 289/1022/113 288/1019/113 297/1047/113 296/1044/113
f 286/1014/111 298/1050/111 290/1025/111 287/1016/111
f 335/1174/135 326/1143/135 260/916/135 259/912/135
f 352/1234/114 344/1206/114 279/992/114 258/908/114
f 317/1111/113 314/1101/113 273/968/113 272/964/113
f 339/1188/114 347/1216/114 257/904/114 261/920/114
f 320/1122/136 333/1167/136 267/944/136 271/960/136
f 321/1125/111 327/1146/111 262/924/111 274/972/111
f 327/1146/111 310/1087/111 263/928/111 262/924/111
f 350/1227/112 346/1213/112 280/996/112 277/984/112
f 324/1136/135 329/1153/135 269/952/135 275/976/135
f 307/1076/113 312/1094/113 265/936/113 264/932/113
f 325/1140/112 336/1178/112 283/1005/112 284/1008/112
f 341/1195/112 350/1227/112 277/984/112 276/980/112
f 306/1073/111 321/1125/111 274/972/111 266/940/111
f 346/1213/112 337/1181/112 278/988/112 280/996/112
f 332/1164/136 315/1104/136 270/956/136 268/948/136
f 333/1167/136 332/1164/136 268/948/136 267/944/136
f 311/1091/136 308/1080/136 288/1020/136 289/1023/136
f 337/1181/112 341/1195/112 276/980/112 278/988/112
f 336/1179/132 325/1141/132 326/1144/132 335/1175/132
f 328/1151/133 309/1084/133 310/1088/133 327/1147/133
f 308/1081/127 311/1092/127 312/1095/127 307/1077/127
f 309/1085/128 305/1070/128 306/1074/128 310/1089/128
f 334/1172/127 331/1162/127 332/1165/127 333/1168/127
f 330/1158/128 336/1180/128 335/1176/128 329/1154/128
f 316/1109/126 319/1120/126 320/1123/126 315/1105/126
f 318/1116/137 313/1099/137 314/1102/137 317/1112/137
f 322/1130/125 328/1152/125 327/1148/125 321/1126/125
f 325/1142/138 323/1134/138 324/1137/138 326/1145/138
f 331/1163/131 316/1110/131 315/1106/131 332/1166/131
f 313/1100/134 308/1082/134 307/1078/134 314/1103/134
f 319/1121/129 334/1173/129 333/1169/129 320/1124/129
f 323/1135/123 330/1159/123 329/1155/123 324/1138/123
f 305/1071/124 322/1131/124 321/1127/124 306/1075/124
f 311/1093/130 318/1117/130 317/1113/130 312/1096/130
f 305/1072/135 309/1086/135 287/1017/135 290/1026/135
f 348/1221/134 351/1232/134 352/1235/134 347/1217/134
f 340/1193/131 348/1222/131 347/1218/131 339/1189/131
f 342/1199/133 349/1225/133 350/1228/133 341/1196/133
f 338/1185/132 342/1200/132 341/1197/132 337/1182/132
f 351/1233/124 343/1204/124 344/1207/124 352/1236/124
f 349/1226/130 345/1211/130 346/1214/130 350/1229/130
f 345/1212/129 338/1186/129 337/1183/129 346/1215/129
f 343/1205/123 340/1194/123 339/1190/123 344/1208/123
f 342/1201/135 338/1187/135 302/1062/135 300/1056/135
o Plank.002
v -0.856157 0.185278 -1.483654
v -0.859163 0.190278 -1.487650
v -0.852162 0.190278 -1.486661
v -1.754637 1.309722 -0.807557
v -1.750642 1.314722 -0.810563
v -1.753648 1.309722 -0.814559
v -0.822817 0.190278 -1.447664
v -0.823806 0.190278 -1.440662
v -0.826812 0.185278 -1.444657
v -1.721297 1.314722 -0.771567
v -1.725292 1.309722 -0.768560
v -1.718291 1.309722 -0.767571
v -0.852162 0.286344 -1.486661
v -0.859163 0.289273 -1.487650
v -0.854987 0.294879 -1.484535
v -1.674547 1.309722 -0.874082
v -1.673881 1.314722 -0.868325
v -1.667061 1.311187 -0.873458
v -1.231679 0.803033 -1.139999
v -1.231498 0.799497 -1.133878
v -1.644536 1.314722 -0.829328
v -1.639189 1.309722 -0.827094
v -1.637716 1.311187 -0.834460
v -0.822817 0.286344 -1.447664
v -0.825642 0.294879 -1.445538
v -0.823806 0.289273 -1.440662
v -1.316430 0.696967 -1.076225
v -1.310599 0.700503 -1.074355
v -1.718291 1.210727 -0.767571
v -1.725292 1.213656 -0.768560
v -1.722467 1.205121 -0.770686
v -0.902907 0.190278 -1.381139
v -0.910393 0.188813 -1.381763
v -0.903573 0.185278 -1.386896
v -0.932918 0.185278 -1.425893
v -0.939738 0.188813 -1.420760
v -0.938264 0.190278 -1.428127
v -1.754637 1.213656 -0.807557
v -1.753648 1.210727 -0.814559
v -1.751812 1.205121 -0.809683
v 0.039739 0.185278 -0.293079
v 0.042746 0.190278 -0.289084
v 0.043734 0.190278 -0.296085
v -0.858741 1.309722 0.383019
v -0.854746 1.314722 0.380012
v -0.851740 1.309722 0.384007
v 0.014390 0.190278 -0.335082
v 0.007388 0.190278 -0.336071
v 0.010394 0.185278 -0.332076
v -0.884091 1.314722 0.341015
v -0.888086 1.309722 0.344022
v -0.887097 1.309722 0.337020
v 0.043734 0.286344 -0.296085
v 0.042746 0.289273 -0.289084
v 0.040909 0.294879 -0.293959
v -0.772638 1.309722 0.324484
v -0.777985 1.314722 0.322250
v -0.771165 1.311187 0.317118
v -0.394473 0.803033 -0.027418
v -0.400304 0.799497 -0.029287
v -0.807330 1.314722 0.283253
v -0.807996 1.309722 0.277497
v -0.800510 1.311187 0.278121
v 0.014390 0.286344 -0.335082
v 0.011565 0.294879 -0.332956
v 0.007388 0.289273 -0.336071
v -0.479224 0.696967 0.036357
v -0.479405 0.700503 0.030236
v -0.887097 1.210727 0.337020
v -0.888086 1.213656 0.344022
v -0.885261 1.205121 0.341896
v -0.071713 0.190278 -0.276548
v -0.073187 0.188813 -0.269182
v -0.066367 0.185278 -0.274314
v -0.037022 0.185278 -0.235317
v -0.043842 0.188813 -0.230185
v -0.036356 0.190278 -0.229561
v -0.858741 1.213656 0.383019
v -0.851740 1.210727 0.384007
v -0.855916 1.205121 0.380893
vn -0.5650 -0.7071 0.4252
vn -0.0000 -1.0000 -0.0000
vn 0.5650 0.7071 -0.4252
vn -0.0000 1.0000 -0.0000
vn -0.6013 -0.0000 -0.7990
vn -0.7990 -0.0000 0.6013
vn 0.1142 -0.5774 -0.8085
vn -0.8085 0.5774 -0.1142
vn 0.8085 -0.5774 0.1142
vn -0.1142 0.5774 0.8085
vn 0.2601 0.3135 -0.9132
vn -0.0942 0.7570 -0.6466
vn 0.5953 0.7570 0.2696
vn 0.9496 0.3135 0.0029
vn -0.2602 -0.3135 0.9132
vn 0.0942 -0.7570 0.6466
vn -0.5952 -0.7570 -0.2696
vn -0.9496 -0.3135 -0.0029
vn 0.5650 -0.7071 -0.4252
vn -0.5650 0.7071 0.4252
vn 0.1398 -0.0000 -0.9902
vn -0.0256 0.5000 -0.8656
vn 0.3058 0.9239 -0.2301
vn 0.7382 0.3827 -0.5555
vn 0.0256 -0.5000 0.8656
vn 0.0256 -0.5000 0.8657
vn -0.3058 -0.9239 0.2301
vn -0.7382 -0.3827 0.5555
vn 0.8247 0.5000 0.2644
vn -0.8247 -0.5000 -0.2644
vn 0.4252 -0.7071 0.5650
vn -0.4252 0.7071 -0.5650
vn -0.9902 -0.0000 -0.1398
vn -0.1398 -0.0000 0.9902
vn 0.9902 -0.0000 0.1398
vn 0.4252 0.7071 0.5650
vn -0.4252 -0.7071 -0.5650
vn 0.7990 -0.0000 -0.6013
vn 0.6013 -0.0000 0.7990
vn 0.5952 0.7570 0.2696
vn -0.5953 -0.7570 -0.2696
vn -0.2601 -0.3135 0.9132
vt 0.059125 0.852928
vt 0.458151 0.891882
vt 0.541319 0.886394
vt 0.581960 0.511243
vt 0.599800 0.453705
vt 0.455753 0.890498
vt 0.950629 0.126519
vt 0.583880 0.511243
vt 0.458151 0.889113
vt 0.538550 0.886394
vt 0.951998 0.126519
vt 0.362063 0.852928
vt 0.211954 0.890549
vt 0.951944 0.321103
vt 0.662835 0.513129
vt 0.951998 0.208588
vt 0.277452 0.852927
vt 0.951944 0.322472
vt 0.660915 0.513129
vt 0.403207 0.891695
vt 0.599800 0.023794
vt 0.950758 0.321788
vt 0.405976 0.891695
vt 0.950629 0.208588
vt 0.951944 0.327902
vt 0.538550 0.867281
vt 0.414186 0.891695
vt 0.342951 0.852928
vt 0.950758 0.327217
vt 0.951998 0.066313
vt 0.416955 0.891695
vt 0.078237 0.852927
vt 0.951944 0.326532
vt 0.541319 0.867281
vt 0.950629 0.066313
vt 0.296565 0.852927
vt 0.447915 0.891882
vt 0.660915 0.526382
vt 0.950629 0.168899
vt 0.231067 0.890549
vt 0.445517 0.890498
vt 0.662835 0.526382
vt 0.370273 0.891695
vt 0.447915 0.889113
vt 0.373042 0.891695
vt 0.951998 0.168899
vt 0.979911 0.975491
vt 0.951998 0.107914
vt 0.437959 0.867281
vt 0.362063 0.890549
vt 0.618809 0.434696
vt 0.978752 0.977022
vt 0.950629 0.107347
vt 0.647682 0.455591
vt 0.728896 0.023794
vt 0.977593 0.975491
vt 0.644053 0.457094
vt 0.441577 0.867281
vt 0.618809 0.042803
vt 0.511557 0.888585
vt 0.647682 0.663974
vt 0.405976 0.852927
vt 0.277452 0.890548
vt 0.511557 0.891582
vt 0.492756 0.852927
vt 0.403207 0.854075
vt 0.728896 0.414097
vt 0.508673 0.889398
vt 0.644071 0.663583
vt 0.489138 0.852927
vt 0.715643 0.218946
vt 0.700504 0.563437
vt 0.703059 0.563439
vt 0.296565 0.890548
vt 0.951940 0.310775
vt 0.492756 0.872040
vt 0.950629 0.187503
vt 0.950758 0.309880
vt 0.704062 0.415982
vt 0.951998 0.188071
vt 0.715643 0.414097
vt 0.951940 0.308986
vt 0.489138 0.872040
vt 0.701491 0.417026
vt 0.937742 0.326974
vt 0.437959 0.886394
vt 0.414186 0.854075
vt 0.342951 0.890549
vt 0.715643 0.023794
vt 0.936315 0.325894
vt 0.441577 0.886394
vt 0.701502 0.709855
vt 0.937742 0.325492
vt 0.704062 0.710449
vt 0.416955 0.852927
vt 0.942122 0.164454
vt 0.705948 0.563434
vt 0.708503 0.563436
vt 0.950629 0.304878
vt 0.709506 0.710444
vt 0.373042 0.852927
vt 0.231067 0.852927
vt 0.951811 0.303983
vt 0.496730 0.872040
vt 0.370273 0.854074
vt 0.942122 0.303630
vt 0.951811 0.305772
vt 0.706947 0.709849
vt 0.500348 0.872040
vt 0.505953 0.888585
vt 0.709506 0.415982
vt 0.951998 0.085485
vt 0.942122 0.025279
vt 0.505953 0.891582
vt 0.706936 0.417026
vt 0.470005 0.886394
vt 0.078237 0.890549
vt 0.503068 0.889398
vt 0.473623 0.886394
vt 0.950629 0.084918
vt 0.059125 0.890549
vt 0.492023 0.889192
vt 0.473623 0.867281
vt 0.581960 0.485155
vt 0.932670 0.025279
vt 0.489138 0.887008
vt 0.470005 0.867281
vt 0.649586 0.663583
vt 0.580791 0.434696
vt 0.492023 0.886194
vt 0.653198 0.663974
vt 0.583880 0.484360
vt 0.211954 0.852927
vt 0.951940 0.313909
vt 0.496730 0.852927
vt 0.951998 0.189983
vt 0.580791 0.042803
vt 0.950758 0.313015
vt 0.653198 0.455591
vt 0.950629 0.189416
vt 0.932670 0.303630
vt 0.951940 0.312120
vt 0.500348 0.852927
vt 0.649568 0.457094
vt 0.209234 0.852927
vt 0.533432 0.890498
vt 0.486418 0.867281
vt 0.408697 0.852927
vt 0.966900 0.025279
vt 0.535830 0.891882
vt 0.923189 0.312857
vt 0.411466 0.852927
vt 0.535830 0.889113
vt 0.483649 0.867281
vt 0.921819 0.312857
vt 0.168289 0.852927
vt 0.274732 0.890549
vt 0.463269 0.891882
vt 0.533061 0.867281
vt 0.950629 0.229104
vt 0.252900 0.852928
vt 0.463269 0.889113
vt 0.535830 0.867281
vt 0.378531 0.891695
vt 0.966900 0.331877
vt 0.460871 0.890498
vt 0.375762 0.891695
vt 0.951998 0.229104
vt 0.951944 0.318388
vt 0.483649 0.886393
vt 0.951998 0.290655
vt 0.187401 0.852927
vt 0.950758 0.319073
vt 0.937685 0.324147
vt 0.950629 0.290655
vt 0.190121 0.852928
vt 0.951944 0.319758
vt 0.486418 0.886393
vt 0.936315 0.324147
vt 0.233787 0.852928
vt 0.468387 0.891882
vt 0.535830 0.886393
vt 0.364783 0.891695
vt 0.255620 0.890549
vt 0.468387 0.889113
vt 0.533061 0.886393
vt 0.662835 0.482474
vt 0.465989 0.890498
vt 0.660915 0.482474
vt 0.367553 0.891695
vt 0.978992 0.970477
vt 0.921819 0.294252
vt 0.454253 0.867281
vt 0.168289 0.890549
vt 0.980457 0.038835
vt 0.979513 0.968629
vt 0.923189 0.293685
vt 0.631126 0.663449
vt 0.614242 0.941619
vt 0.977593 0.968629
vt 0.627506 0.662998
vt 0.450635 0.867281
vt 0.980457 0.318321
vt 0.497628 0.874760
vt 0.631126 0.455591
vt 0.375762 0.852927
vt 0.252900 0.890549
vt 0.494743 0.875574
vt 0.476343 0.867281
vt 0.378531 0.854074
vt 0.974714 0.941619
vt 0.497628 0.877757
vt 0.627487 0.457045
vt 0.479961 0.867281
vt 0.794478 0.929379
vt 0.868204 0.569059
vt 0.870759 0.569061
vt 0.233787 0.890549
vt 0.497628 0.883474
vt 0.476343 0.886393
vt 0.364783 0.854074
vt 0.497628 0.880477
vt 0.871762 0.716069
vt 0.367553 0.852927
vt 0.974714 0.929379
vt 0.494743 0.881290
vt 0.479961 0.886393
vt 0.869202 0.715475
vt 0.951940 0.317043
vt 0.454253 0.886394
vt 0.951998 0.272051
vt 0.187401 0.890549
vt 0.614242 0.929379
vt 0.951940 0.315254
vt 0.450635 0.886394
vt 0.869192 0.422651
vt 0.950758 0.316149
vt 0.871762 0.421606
vt 0.950629 0.271483
vt 0.794479 0.955602
vt 0.719893 0.563436
vt 0.722449 0.563438
vt 0.505953 0.880147
vt 0.723452 0.415983
vt 0.660915 0.455591
vt 0.255620 0.852928
vt 0.505953 0.877150
vt 0.583880 0.526382
vt 0.662835 0.456387
vt 0.974715 0.955602
vt 0.503068 0.879333
vt 0.720881 0.417027
vt 0.581371 0.526382
vt 0.923609 0.326482
vt 0.723452 0.710446
vt 0.937685 0.304975
vt 0.614242 0.955602
vt 0.923609 0.324999
vt 0.720892 0.709851
vt 0.923609 0.323654
vt 0.190121 0.890549
vt 0.922182 0.326079
vt 0.921819 0.323654
vt 0.936315 0.305542
vt 0.209234 0.890549
vt 0.519363 0.889113
vt 0.921819 0.314202
vt 0.408697 0.890548
vt 0.614242 0.943361
vt 0.516478 0.891297
vt 0.923609 0.314202
vt 0.633012 0.457045
vt 0.953344 0.038835
vt 0.519363 0.892110
vt 0.636651 0.455591
vt 0.411466 0.891695
vt 0.274732 0.852928
vt 0.660835 0.529782
vt 0.583880 0.513129
vt 0.950629 0.210500
vt 0.953344 0.318321
vt 0.662835 0.530346
vt 0.636651 0.663448
vt 0.951998 0.209933
vt 0.974715 0.943361
vt 0.662835 0.528268
vt 0.581371 0.513129
vt 0.633031 0.662997
s 0
usemtl Crate
f 385/1349/139 379/1332/139 383/1342/139 392/1377/139 388/1361/139
f 353/1237/140 361/1268/140 386/1353/140 387/1357/140
f 367/1291/141 370/1303/141 375/1317/141 371/1307/141 377/1325/141
f 357/1253/142 362/1272/142 373/1310/142 369/1299/142
f 368/1295/143 366/1287/143 354/1241/143 389/1365/143 391/1373/143 358/1257/143
f 382/1338/144 363/1276/144 356/1249/144 390/1369/144
f 353/1238/145 354/1242/145 355/1245/145
f 356/1250/146 357/1254/146 358/1258/146
f 359/1261/147 360/1265/147 361/1269/147
f 362/1273/148 363/1277/148 364/1280/148
f 365/1283/149 366/1288/149 367/1292/149
f 368/1296/150 369/1300/150 370/1304/150
f 373/1311/151 374/1314/151 375/1318/151
f 376/1321/152 377/1326/152 378/1329/152
f 381/1335/153 382/1339/153 383/1343/153
f 384/1346/154 385/1350/154 386/1354/154
f 387/1358/155 388/1362/155 389/1366/155
f 390/1370/156 391/1374/156 392/1378/156
f 355/1246/157 359/1262/157 361/1270/157 353/1239/157
f 356/1251/158 363/1278/158 362/1274/158 357/1255/158
f 354/1243/159 366/1289/159 365/1284/159 355/1247/159
f 366/1290/160 368/1297/160 370/1305/160 367/1293/160
f 369/1301/161 373/1312/161 375/1319/161 370/1306/161
f 367/1294/162 377/1327/162 376/1322/162 365/1285/162
f 380/1334/163 381/1336/163 383/1344/163 379/1333/163
f 379/1333/164 385/1351/164 384/1347/164 380/1334/164
f 385/1352/165 388/1363/165 387/1359/165 386/1355/165
f 382/1340/166 390/1371/166 392/1379/166 383/1345/166
f 371/1308/167 375/1320/167 374/1315/167 372/1309/167
f 372/1309/167 378/1330/167 377/1328/167 371/1308/167
f 388/1364/168 392/1380/168 391/1375/168 389/1367/168
f 360/1266/169 384/1348/169 386/1356/169 361/1271/169
f 357/1256/170 369/1302/170 368/1298/170 358/1259/170
f 358/1260/171 391/1376/171 390/1372/171 356/1252/171
f 363/1279/172 382/1341/172 381/1337/172 364/1281/172
f 359/1263/173 376/1323/173 378/1331/173 360/1267/173
f 364/1282/174 374/1316/174 373/1313/174 362/1275/174
f 353/1240/175 387/1360/175 389/1368/175 354/1244/175
f 359/1264/176 355/1248/176 365/1286/176 376/1324/176
f 425/1493/139 428/1505/139 432/1521/139 423/1486/139 419/1476/139
f 393/1381/140 427/1501/140 426/1497/140 401/1412/140
f 407/1435/141 417/1469/141 411/1451/141 415/1461/141 410/1447/141
f 397/1397/142 409/1443/142 413/1454/142 402/1416/142
f 408/1439/177 398/1401/177 431/1517/177 429/1509/177 394/1385/177 406/1431/177
f 422/1482/144 430/1513/144 396/1393/144 403/1420/144
f 393/1382/147 395/1389/147 394/1386/147
f 396/1394/148 398/1402/148 397/1398/148
f 399/1405/145 401/1413/145 400/1409/145
f 402/1417/146 404/1424/146 403/1421/146
f 405/1427/152 407/1436/152 406/1432/152
f 408/1440/178 410/1448/178 409/1444/178
f 413/1455/150 415/1462/150 414/1458/150
f 416/1465/149 418/1473/149 417/1470/149
f 421/1479/156 423/1487/156 422/1483/156
f 424/1490/179 426/1498/179 425/1494/179
f 427/1502/154 429/1510/154 428/1506/154
f 430/1514/180 432/1522/180 431/1518/180
f 395/1390/157 393/1383/157 401/1414/157 399/1406/157
f 396/1395/158 397/1399/158 402/1418/158 403/1422/158
f 394/1387/173 395/1391/173 405/1428/173 406/1433/173
f 406/1434/167 407/1437/167 410/1449/167 408/1441/167
f 409/1445/161 410/1450/161 415/1463/161 413/1456/161
f 407/1438/162 405/1429/162 416/1466/162 417/1471/162
f 420/1478/168 419/1477/168 423/1488/168 421/1480/168
f 419/1477/168 420/1478/168 424/1491/168 425/1495/168
f 425/1496/165 426/1499/165 427/1503/165 428/1507/165
f 422/1484/166 423/1489/166 432/1523/166 430/1515/166
f 411/1452/160 412/1453/160 414/1459/160 415/1464/160
f 412/1453/160 411/1452/160 417/1472/160 418/1474/160
f 428/1508/163 429/1511/163 431/1519/163 432/1524/163
f 400/1410/175 401/1415/175 426/1500/175 424/1492/175
f 397/1400/174 398/1403/174 408/1442/174 409/1446/174
f 398/1404/172 396/1396/172 430/1516/172 431/1520/172
f 403/1423/171 404/1425/171 421/1481/171 422/1485/171
f 399/1407/159 400/1411/159 418/1475/159 416/1467/159
f 404/1426/170 402/1419/170 413/1457/170 414/1460/170
f 393/1384/169 394/1388/169 429/1512/169 427/1504/169
f 399/1408/176 416/1468/176 405/1430/176 395/1392/176
o Plank.003
v -1.787283 0.185278 -0.551114
v -1.791279 0.190278 -0.548108
v -1.790290 0.190278 -0.555109
v -1.111189 1.309722 0.347363
v -1.114195 1.314722 0.343368
v -1.118190 1.309722 0.346374
v -1.751293 0.190278 -0.584454
v -1.744291 0.190278 -0.583465
v -1.748286 0.185278 -0.580459
v -1.075198 1.314722 0.314023
v -1.072192 1.309722 0.318018
v -1.071203 1.309722 0.311017
v -1.790290 0.286344 -0.555109
v -1.791279 0.289273 -0.548108
v -1.788164 0.294879 -0.552284
v -1.177713 1.309722 0.267273
v -1.171957 1.314722 0.266607
v -1.177089 1.311187 0.259787
v -1.443630 0.803033 -0.175593
v -1.437508 0.799497 -0.175775
v -1.132960 1.314722 0.237262
v -1.130726 1.309722 0.231916
v -1.138092 1.311187 0.230442
v -1.751293 0.286344 -0.584454
v -1.749167 0.294879 -0.581629
v -1.744291 0.289273 -0.583465
v -1.379855 0.696967 -0.090842
v -1.377986 0.700503 -0.096674
v -1.071203 1.210727 0.311017
v -1.072192 1.213656 0.318018
v -1.074317 1.205121 0.315193
v -1.684769 0.190278 -0.504364
v -1.685393 0.188813 -0.496878
v -1.690525 0.185278 -0.503698
v -1.729522 0.185278 -0.474353
v -1.724390 0.188813 -0.467533
v -1.731756 0.190278 -0.469007
v -1.111189 1.213656 0.347363
v -1.118190 1.210727 0.346374
v -1.113315 1.205121 0.344538
v -0.596708 0.185278 -1.447010
v -0.592712 0.190278 -1.450016
v -0.599714 0.190278 -1.451005
v 0.079387 1.309722 -0.548533
v 0.076381 1.314722 -0.552528
v 0.080376 1.309722 -0.555535
v -0.638711 0.190278 -1.421660
v -0.639700 0.190278 -1.414659
v -0.635705 0.185278 -1.417665
v 0.037384 1.314722 -0.523183
v 0.040390 1.309722 -0.519188
v 0.033388 1.309722 -0.520177
v -0.599714 0.286344 -1.451005
v -0.592712 0.289273 -1.450016
v -0.597588 0.294879 -1.448180
v 0.020853 1.309722 -0.634636
v 0.018619 1.314722 -0.629289
v 0.013487 1.311187 -0.636109
v -0.331048 0.803033 -1.012800
v -0.332917 0.799497 -1.006968
v -0.020378 1.314722 -0.599944
v -0.026134 1.309722 -0.599278
v -0.025510 1.311187 -0.606764
v -0.638711 0.286344 -1.421660
v -0.636585 0.294879 -1.418835
v -0.639700 0.289273 -1.414659
v -0.267273 0.696967 -0.928049
v -0.273394 0.700503 -0.927867
v 0.033388 1.210727 -0.520177
v 0.040390 1.213656 -0.519188
v 0.038264 1.205121 -0.522013
v -0.580177 0.190278 -1.335558
v -0.572811 0.188813 -1.334084
v -0.577943 0.185278 -1.340904
v -0.538946 0.185278 -1.370249
v -0.533814 0.188813 -1.363429
v -0.533190 0.190278 -1.370915
v 0.079387 1.213656 -0.548533
v 0.080376 1.210727 -0.555535
v 0.077261 1.205121 -0.551358
vn 0.4252 -0.7071 0.5650
vn -0.0000 -1.0000 -0.0000
vn -0.4252 0.7071 -0.5650
vn -0.0000 1.0000 -0.0000
vn -0.7990 -0.0000 0.6013
vn 0.6013 -0.0000 0.7990
vn -0.8085 -0.5773 -0.1142
vn -0.1142 0.5773 0.8085
vn 0.1142 -0.5773 -0.8085
vn 0.8085 0.5773 0.1142
vn -0.9132 0.3135 -0.2601
vn -0.6466 0.7570 0.0942
vn 0.2696 0.7570 -0.5953
vn 0.0029 0.3135 -0.9496
vn 0.9132 -0.3135 0.2602
vn 0.6466 -0.7570 -0.0942
vn -0.2696 -0.7570 0.5952
vn -0.0029 -0.3135 0.9496
vn -0.4252 -0.7071 -0.5650
vn 0.4252 0.7071 0.5650
vn -0.9902 -0.0000 -0.1398
vn -0.8656 0.5000 0.0256
vn -0.2301 0.9239 -0.3058
vn -0.5555 0.3827 -0.7382
vn 0.8656 -0.5000 -0.0256
vn 0.8657 -0.5000 -0.0256
vn 0.2301 -0.9239 0.3058
vn 0.5555 -0.3827 0.7382
vn 0.2644 0.5000 -0.8247
vn -0.2644 -0.5000 0.8247
vn 0.5650 -0.7071 -0.4252
vn -0.5650 0.7071 0.4252
vn -0.1398 -0.0000 0.9902
vn 0.9902 -0.0000 0.1398
vn 0.1398 -0.0000 -0.9902
vn 0.5650 0.7071 -0.4252
vn -0.5650 -0.7071 0.4252
vn -0.6013 -0.0000 -0.7990
vn 0.7990 -0.0000 -0.6013
vn 0.0029 0.3136 -0.9496
vn 0.2696 0.7570 -0.5952
vn -0.9132 0.3136 -0.2601
vn -0.2696 -0.7570 0.5953
vn 0.9132 -0.3135 0.2601
vt 0.034523 0.852928
vt 0.543668 0.890498
vt 0.951998 0.302638
vt 0.950629 0.249622
vt 0.639704 0.453705
vt 0.546066 0.889113
vt 0.950629 0.147036
vt 0.951998 0.249622
vt 0.546066 0.891882
vt 0.950629 0.302638
vt 0.951998 0.147036
vt 0.009921 0.891695
vt 0.124623 0.890548
vt 0.540948 0.891882
vt 0.530341 0.867281
vt 0.951998 0.106002
vt 0.299285 0.852927
vt 0.538550 0.890498
vt 0.527572 0.867281
vt 0.392229 0.891695
vt 0.639704 0.023794
vt 0.540948 0.889113
vt 0.394998 0.891695
vt 0.950629 0.106002
vt 0.950629 0.293186
vt 0.029034 0.891695
vt 0.951314 0.292000
vt 0.056405 0.852928
vt 0.031803 0.891695
vt 0.951998 0.293186
vt 0.053635 0.852928
vt 0.318398 0.852927
vt 0.951944 0.325187
vt 0.527572 0.886394
vt 0.951998 0.064968
vt 0.143736 0.890548
vt 0.950758 0.324502
vt 0.530341 0.886394
vt 0.419675 0.891696
vt 0.951944 0.323818
vt 0.422444 0.891696
vt 0.950629 0.064968
vt 0.979910 0.972219
vt 0.951998 0.128432
vt 0.513024 0.874430
vt 0.009921 0.854075
vt 0.658713 0.434696
vt 0.978752 0.973749
vt 0.950629 0.127864
vt 0.658713 0.455591
vt 0.919985 0.291862
vt 0.977593 0.972219
vt 0.655084 0.457094
vt 0.509406 0.874430
vt 0.658713 0.042803
vt 0.505953 0.882867
vt 0.658713 0.663973
vt 0.394998 0.852927
vt 0.299285 0.890549
vt 0.505953 0.885865
vt 0.460828 0.867281
vt 0.392229 0.854074
vt 0.918174 0.026281
vt 0.503068 0.883681
vt 0.655102 0.663581
vt 0.457211 0.867281
vt 0.928098 0.159010
vt 0.930415 0.159012
vt 0.318398 0.890549
vt 0.978115 0.966887
vt 0.460828 0.886394
vt 0.951998 0.046363
vt 0.977593 0.965040
vt 0.931325 0.025279
vt 0.950629 0.045796
vt 0.927192 0.026220
vt 0.979513 0.965040
vt 0.457211 0.886394
vt 0.928994 0.026226
vt 0.513024 0.855317
vt 0.029034 0.854075
vt 0.509406 0.855317
vt 0.929003 0.291801
vt 0.511215 0.852927
vt 0.931325 0.292340
vt 0.031803 0.852927
vt 0.794479 0.971326
vt 0.714449 0.563435
vt 0.717005 0.563437
vt 0.497628 0.889192
vt 0.718007 0.710444
vt 0.422444 0.852927
vt 0.143736 0.852927
vt 0.494743 0.888378
vt 0.435239 0.867281
vt 0.419675 0.854074
vt 0.974716 0.971326
vt 0.497628 0.886194
vt 0.715448 0.709849
vt 0.431621 0.867281
vt 0.504877 0.852927
vt 0.718007 0.415983
vt 0.056405 0.891695
vt 0.614242 0.971326
vt 0.715437 0.417027
vt 0.506686 0.855317
vt 0.503068 0.855317
vt 0.053635 0.890549
vt 0.034523 0.890549
vt 0.509406 0.879334
vt 0.503068 0.874430
vt 0.950629 0.231017
vt 0.614242 0.983567
vt 0.512291 0.877150
vt 0.506686 0.874430
vt 0.638555 0.663581
vt 0.620695 0.434696
vt 0.512291 0.880147
vt 0.642167 0.663973
vt 0.951998 0.230449
vt 0.124623 0.852927
vt 0.581371 0.532797
vt 0.435239 0.886394
vt 0.951998 0.087397
vt 0.620695 0.042803
vt 0.583372 0.532233
vt 0.642167 0.455591
vt 0.950629 0.086830
vt 0.974716 0.983567
vt 0.583372 0.534311
vt 0.431621 0.886394
vt 0.638537 0.457094
vt 0.100070 0.852927
vt 0.471107 0.890498
vt 0.524852 0.867281
vt 0.662835 0.511243
vt 0.679608 0.023794
vt 0.473505 0.891882
vt 0.951998 0.044451
vt 0.660915 0.511243
vt 0.473505 0.889113
vt 0.522082 0.867281
vt 0.950629 0.044451
vt 0.146456 0.852927
vt 0.102790 0.852927
vt 0.453033 0.891882
vt 0.544039 0.867281
vt 0.950629 0.167554
vt 0.340231 0.852927
vt 0.453033 0.889113
vt 0.546808 0.867281
vt 0.583880 0.482474
vt 0.679608 0.453705
vt 0.450635 0.890498
vt 0.581960 0.482474
vt 0.951998 0.167554
vt 0.551184 0.891882
vt 0.522082 0.886394
vt 0.381251 0.852927
vt 0.165569 0.852927
vt 0.551184 0.889113
vt 0.389509 0.891695
vt 0.384020 0.852927
vt 0.080957 0.852927
vt 0.548786 0.890498
vt 0.524852 0.886394
vt 0.386740 0.891695
vt 0.321118 0.852927
vt 0.486047 0.891882
vt 0.546808 0.886393
vt 0.397718 0.891695
vt 0.121903 0.852927
vt 0.486047 0.889113
vt 0.544039 0.886393
vt 0.951998 0.270138
vt 0.483649 0.890498
vt 0.950629 0.270138
vt 0.400488 0.891695
vt 0.977593 0.982036
vt 0.950629 0.025846
vt 0.519363 0.867281
vt 0.146456 0.890548
vt 0.698618 0.042803
vt 0.978752 0.983567
vt 0.951998 0.025279
vt 0.620076 0.663446
vt 0.614242 0.969584
vt 0.979911 0.982036
vt 0.616456 0.662995
vt 0.515745 0.867281
vt 0.698618 0.434696
vt 0.978752 0.980294
vt 0.620076 0.455591
vt 0.581960 0.455591
vt 0.340231 0.890548
vt 0.979910 0.978763
vt 0.444297 0.867281
vt 0.583880 0.456386
vt 0.974716 0.969584
vt 0.977593 0.978763
vt 0.616437 0.457045
vt 0.447915 0.867281
vt 0.794479 0.957344
vt 0.725338 0.563437
vt 0.727893 0.563439
vt 0.321118 0.890548
vt 0.581371 0.529783
vt 0.444297 0.886393
vt 0.397718 0.854074
vt 0.583372 0.530347
vt 0.728896 0.710448
vt 0.400488 0.852927
vt 0.974716 0.957344
vt 0.583372 0.528268
vt 0.447915 0.886393
vt 0.726336 0.709854
vt 0.660835 0.532797
vt 0.519363 0.886393
vt 0.381251 0.890548
vt 0.165569 0.890548
vt 0.614242 0.957344
vt 0.662835 0.534311
vt 0.515745 0.886393
vt 0.726326 0.417027
vt 0.662835 0.532233
vt 0.728896 0.415983
vt 0.384020 0.891695
vt 0.713757 0.218945
vt 0.862759 0.569058
vt 0.865315 0.569060
vt 0.492023 0.883474
vt 0.866318 0.421606
vt 0.950629 0.250967
vt 0.121903 0.890549
vt 0.492023 0.880477
vt 0.467166 0.886394
vt 0.951998 0.251534
vt 0.713757 0.023794
vt 0.489138 0.882661
vt 0.863747 0.422651
vt 0.463548 0.886394
vt 0.511558 0.885865
vt 0.866318 0.716067
vt 0.389509 0.852927
vt 0.713757 0.414096
vt 0.511558 0.882867
vt 0.863758 0.715472
vt 0.428782 0.886394
vt 0.080957 0.890549
vt 0.508673 0.885051
vt 0.425164 0.886394
vt 0.386740 0.854074
vt 0.100070 0.890549
vt 0.489138 0.875573
vt 0.425164 0.867281
vt 0.662835 0.485155
vt 0.700504 0.414096
vt 0.492023 0.877757
vt 0.428782 0.867281
vt 0.621962 0.457045
vt 0.660600 0.042803
vt 0.492023 0.874760
vt 0.625601 0.455591
vt 0.660915 0.484360
vt 0.102790 0.890549
vt 0.978992 0.963298
vt 0.467166 0.867281
vt 0.950629 0.148949
vt 0.660600 0.434696
vt 0.979513 0.961450
vt 0.625601 0.663447
vt 0.951998 0.148381
vt 0.700504 0.023794
vt 0.977593 0.961450
vt 0.463548 0.867281
vt 0.621981 0.662996
s 0
usemtl Crate
f 465/1628/181 459/1611/181 463/1621/181 472/1653/181 468/1637/181
f 433/1525/182 441/1555/182 466/1632/182 467/1633/182
f 447/1575/183 450/1587/183 455/1600/183 451/1591/183 457/1607/183
f 437/1541/184 442/1556/184 453/1593/184 449/1583/184
f 448/1579/185 446/1571/185 434/1529/185 469/1641/185 471/1649/185 438/1545/185
f 462/1617/186 443/1560/186 436/1537/186 470/1645/186
f 433/1526/187 434/1530/187 435/1533/187
f 436/1538/188 437/1542/188 438/1546/188
f 439/1549/189 440/1551/189 441/1554/189
f 442/1557/190 443/1561/190 444/1564/190
f 445/1567/191 446/1572/191 447/1576/191
f 448/1580/192 449/1584/192 450/1588/192
f 453/1594/193 454/1597/193 455/1601/193
f 456/1604/194 457/1606/194 458/1608/194
f 461/1614/195 462/1618/195 463/1622/195
f 464/1625/196 465/1630/196 466/1631/196
f 467/1634/197 468/1638/197 469/1642/197
f 470/1646/198 471/1650/198 472/1654/198
f 435/1534/199 439/1549/199 441/1554/199 433/1527/199
f 436/1539/200 443/1562/200 442/1558/200 437/1543/200
f 434/1531/201 446/1573/201 445/1568/201 435/1535/201
f 446/1574/202 448/1581/202 450/1589/202 447/1577/202
f 449/1585/203 453/1595/203 455/1602/203 450/1590/203
f 447/1578/204 457/1606/204 456/1604/204 445/1569/204
f 460/1613/205 461/1615/205 463/1623/205 459/1612/205
f 459/1612/206 465/1629/206 464/1626/206 460/1613/206
f 465/1630/207 468/1639/207 467/1635/207 466/1631/207
f 462/1619/208 470/1647/208 472/1655/208 463/1624/208
f 451/1591/209 455/1603/209 454/1598/209 452/1592/209
f 452/1592/209 458/1609/209 457/1607/209 451/1591/209
f 468/1640/210 472/1656/210 471/1651/210 469/1643/210
f 440/1552/211 464/1627/211 466/1632/211 441/1555/211
f 437/1544/212 449/1586/212 448/1582/212 438/1547/212
f 438/1548/213 471/1652/213 470/1648/213 436/1540/213
f 443/1563/214 462/1620/214 461/1616/214 444/1565/214
f 439/1550/215 456/1605/215 458/1610/215 440/1553/215
f 444/1566/216 454/1599/216 453/1596/216 442/1559/216
f 433/1528/217 467/1636/217 469/1644/217 434/1532/217
f 439/1550/218 435/1536/218 445/1570/218 456/1605/218
f 505/1769/181 508/1781/181 512/1797/181 503/1762/181 499/1752/181
f 473/1657/182 507/1777/182 506/1773/182 481/1688/182
f 487/1711/183 497/1745/183 491/1727/183 495/1737/183 490/1723/183
f 477/1673/184 489/1719/184 493/1730/184 482/1692/184
f 488/1715/219 478/1677/219 511/1793/219 509/1785/219 474/1661/219 486/1707/219
f 502/1758/186 510/1789/186 476/1669/186 483/1696/186
f 473/1658/189 475/1665/189 474/1662/189
f 476/1670/190 478/1678/190 477/1674/190
f 479/1681/187 481/1689/187 480/1685/187
f 482/1693/188 484/1700/188 483/1697/188
f 485/1703/220 487/1712/220 486/1708/220
f 488/1716/221 490/1724/221 489/1720/221
f 493/1731/192 495/1738/192 494/1734/192
f 496/1741/222 498/1749/222 497/1746/222
f 501/1755/198 503/1763/198 502/1759/198
f 504/1766/223 506/1774/223 505/1770/223
f 507/1778/196 509/1786/196 508/1782/196
f 510/1790/224 512/1798/224 511/1794/224
f 475/1666/199 473/1659/199 481/1690/199 479/1682/199
f 476/1671/200 477/1675/200 482/1694/200 483/1698/200
f 474/1663/215 475/1667/215 485/1704/215 486/1709/215
f 486/1710/209 487/1713/209 490/1725/209 488/1717/209
f 489/1721/203 490/1726/203 495/1739/203 493/1732/203
f 487/1714/204 485/1705/204 496/1742/204 497/1747/204
f 500/1754/210 499/1753/210 503/1764/210 501/1756/210
f 499/1753/210 500/1754/210 504/1767/210 505/1771/210
f 505/1772/207 506/1775/207 507/1779/207 508/1783/207
f 502/1760/208 503/1765/208 512/1799/208 510/1791/208
f 491/1728/202 492/1729/202 494/1735/202 495/1740/202
f 492/1729/202 491/1728/202 497/1748/202 498/1750/202
f 508/1784/205 509/1787/205 511/1795/205 512/1800/205
f 480/1686/217 481/1691/217 506/1776/217 504/1768/217
f 477/1676/216 478/1679/216 488/1718/216 489/1722/216
f 478/1680/214 476/1672/214 510/1792/214 511/1796/214
f 483/1699/213 484/1701/213 501/1757/213 502/1761/213
f 479/1683/201 480/1687/201 498/1751/201 496/1743/201
f 484/1702/212 482/1695/212 493/1733/212 494/1736/212
f 473/1660/211 474/1664/211 509/1788/211 507/1780/211
f 479/1684/218 496/1744/218 485/1706/218 475/1668/218
o Crate_Main.002
v 0.374939 0.000000 0.411060
v 1.810676 0.000000 0.157302
v 1.814332 0.021005 0.177987
v 0.378595 0.021005 0.431744
v 0.121182 0.000000 -1.024677
v 0.354254 0.021005 0.414715
v 0.100497 0.021005 -1.021021
v 0.117526 1.478995 -1.045362
v 0.117526 0.021005 -1.045362
v 0.100497 1.478995 -1.021021
v 1.831360 0.021005 0.153646
v 1.831360 1.478995 0.153646
v 1.814332 1.478995 0.177987
v 1.577603 1.478995 -1.282090
v 1.577603 0.021005 -1.282090
v 1.553262 0.021005 -1.299119
v 1.553262 1.478995 -1.299119
v 0.354254 1.478995 0.414715
v 0.378595 1.478995 0.431744
v 1.556918 1.500000 -1.278435
v 1.810676 1.500000 0.157302
v 0.121182 1.500000 -1.024677
v 1.556918 0.000000 -1.278435
v 0.374939 1.500000 0.411060
v 0.508113 0.058805 0.220703
v 1.620319 0.058805 0.024128
v 1.642331 0.185278 0.148671
v 0.530125 0.185278 0.345246
v 0.311538 0.058805 -0.891503
v 0.383570 0.185278 0.242715
v 0.186995 0.185278 -0.869491
v 0.289526 1.314722 -1.016046
v 0.289526 0.185278 -1.016046
v 0.186995 1.314722 -0.869491
v 1.744862 0.185278 0.002116
v 1.744862 1.314722 0.002116
v 1.642331 1.314722 0.148671
v 1.548287 1.314722 -1.110090
v 1.548287 0.185278 -1.110090
v 1.401732 0.185278 -1.212621
v 1.401732 1.314722 -1.212621
v 0.383570 1.314722 0.242715
v 0.530125 1.314722 0.345246
v 1.423744 1.441195 -1.088078
v 1.620319 1.441195 0.024128
v 0.311538 1.441195 -0.891503
v 1.423744 0.058805 -1.088078
v 0.508113 1.441195 0.220703
v 0.134011 1.314722 -0.860126
v 0.128218 1.319722 -0.864180
v 0.274367 1.319722 -1.073083
v 0.280161 1.314722 -1.069029
v 0.134011 0.185278 -0.860126
v 0.128218 0.180278 -0.864180
v 0.280161 0.185278 -1.069029
v 0.274367 0.180278 -1.073083
v 1.392367 1.314722 -1.265604
v 1.396421 1.319722 -1.271399
v 1.605324 1.319722 -1.125249
v 1.601270 1.314722 -1.119455
v 1.396421 0.180278 -1.271399
v 1.392367 0.185278 -1.265604
v 1.601270 0.185278 -1.119455
v 1.605324 0.180278 -1.125249
v 0.326533 1.319722 0.257874
v 0.330587 1.314722 0.252080
v 0.539490 1.314722 0.398230
v 0.535436 1.319722 0.404024
v 0.539490 0.185278 0.398230
v 0.535436 0.180278 0.404024
v 0.326533 0.180278 0.257874
v 0.330587 0.185278 0.252080
v 1.657490 1.319722 0.205708
v 1.651696 1.314722 0.201654
v 1.797846 1.314722 -0.007249
v 1.803640 1.319722 -0.003195
v 1.803640 0.180278 -0.003195
v 1.797846 0.185278 -0.007249
v 1.657490 0.180278 0.205708
v 1.651696 0.185278 0.201654
v 0.305744 1.500000 -0.895556
v 0.311538 1.495000 -0.891503
v 0.305744 0.000000 -0.895556
v 0.311538 0.005000 -0.891503
v 1.427797 1.500000 -1.093872
v 1.423744 1.495000 -1.088078
v 1.423744 0.005000 -1.088078
v 1.427797 0.000000 -1.093872
v 0.508113 1.495000 0.220703
v 0.504060 1.500000 0.226497
v 0.504060 0.000000 0.226497
v 0.508113 0.005000 0.220703
v 1.620319 1.495000 0.024128
v 1.626113 1.500000 0.028181
v 1.620319 0.005000 0.024128
v 1.626113 0.000000 0.028181
vn -0.9847 -0.0000 0.1740
vn -0.0000 1.0000 -0.0000
vn -0.1740 -0.0000 -0.9847
vn -0.0000 -1.0000 -0.0000
vn -0.6690 0.5774 -0.4681
vn -0.6690 -0.5774 -0.4681
vn 0.4681 0.5774 -0.6690
vn 0.4681 -0.5774 -0.6690
vn -0.4681 0.5774 0.6690
vn -0.4681 -0.5774 0.6690
vn 0.6690 0.5774 0.4681
vn 0.6690 -0.5774 0.4681
vn 0.1231 -0.7071 0.6963
vn -0.6963 -0.7071 0.1231
vn -0.8194 -0.0000 -0.5732
vn 0.8194 -0.0000 0.5732
vn 0.5732 -0.0000 -0.8194
vn -0.5732 -0.0000 0.8194
vn 0.6963 0.7071 -0.1231
vn -0.1231 0.7071 -0.6963
vn 0.6963 -0.7071 -0.1231
vn 0.1231 0.7071 0.6963
vn -0.6963 0.7071 0.1231
vn -0.1231 -0.7071 -0.6963
vn 0.1740 -0.0000 0.9847
vn 0.9847 -0.0000 -0.1740
vt 0.515745 0.858744
vt 0.614242 0.779910
vt 0.979909 0.789103
vt 0.000652 0.281683
vt 0.486418 0.864561
vt 0.979909 0.779910
vt 0.880780 0.023794
vt 0.000652 0.555550
vt 0.486418 0.852927
vt 0.979909 0.787361
vt 0.979911 0.770718
vt 0.553596 0.281683
vt 0.525819 0.852927
vt 0.614242 0.787361
vt 0.943467 0.307640
vt 0.279730 0.281683
vt 0.551409 0.864561
vt 0.614242 0.789103
vt 0.614242 0.768976
vt 0.274519 0.281683
vt 0.525819 0.864561
vt 0.979909 0.796553
vt 0.949220 0.307640
vt 0.552368 0.559652
vt 0.541334 0.858744
vt 0.614242 0.796553
vt 0.870826 0.023794
vt 0.278502 0.559652
vt 0.450754 0.858744
vt 0.862759 0.419720
vt 0.890733 0.419719
vt 0.274519 0.833651
vt 0.551409 0.852927
vt 0.862760 0.023794
vt 0.614242 0.761526
vt 0.274519 0.559784
vt 0.460828 0.852927
vt 0.870826 0.419720
vt 0.892619 0.419721
vt 0.278502 0.833518
vt 0.476343 0.858744
vt 0.979911 0.778168
vt 0.872713 0.023794
vt 0.000652 0.274519
vt 0.528539 0.858744
vt 0.614242 0.778168
vt 0.614242 0.752333
vt 0.274519 0.274519
vt 0.538614 0.864561
vt 0.614242 0.770718
vt 0.910639 0.419719
vt 0.553596 0.555550
vt 0.425164 0.858744
vt 0.979909 0.805746
vt 0.979908 0.752333
vt 0.274519 0.000652
vt 0.473623 0.852927
vt 0.614242 0.805746
vt 0.872713 0.419720
vt 0.000652 0.000652
vt 0.463548 0.858744
vt 0.614242 0.798295
vt 0.979910 0.761526
vt 0.000652 0.559784
vt 0.435239 0.852927
vt 0.979909 0.798295
vt 0.890733 0.023794
vt 0.000652 0.833651
vt 0.448033 0.852927
vt 0.949220 0.025279
vt 0.892619 0.023794
vt 0.552368 0.833518
vt 0.448033 0.864561
vt 0.943467 0.025279
vt 0.910639 0.023794
vt 0.279730 0.555550
vt 0.435239 0.864561
vt 0.979908 0.759783
vt 0.882666 0.023794
vt 0.553596 0.274519
vt 0.538614 0.852927
vt 0.614242 0.759784
vt 0.902572 0.419719
vt 0.553596 0.000652
vt 0.460828 0.864561
vt 0.882666 0.419719
vt 0.900686 0.419721
vt 0.279730 0.274519
vt 0.473623 0.864561
vt 0.880780 0.419720
vt 0.979910 0.768976
vt 0.274519 0.555550
vt 0.437959 0.858744
vt 0.902572 0.023794
vt 0.900686 0.023794
vt 0.279730 0.000652
vt 0.897510 0.836218
vt 0.813268 0.332389
vt 0.518670 0.593347
vt 0.614242 0.836218
vt 0.897509 0.851455
vt 0.312737 0.593347
vt 0.614242 0.820982
vt 0.313441 0.035395
vt 0.829765 0.639097
vt 0.897510 0.897164
vt 0.313441 0.241887
vt 0.829765 0.332389
vt 0.811382 0.639097
vt 0.813268 0.639097
vt 0.518670 0.799279
vt 0.829765 0.330502
vt 0.747280 0.023794
vt 0.314429 0.316983
vt 0.829765 0.023794
vt 0.314429 0.521768
vt 0.811382 0.023794
vt 0.614242 0.866691
vt 0.240187 0.036090
vt 0.897510 0.881928
vt 0.761890 0.332389
vt 0.035297 0.036090
vt 0.614242 0.881927
vt 0.763777 0.330503
vt 0.519214 0.521768
vt 0.811382 0.330502
vt 0.763777 0.332389
vt 0.780274 0.330502
vt 0.034593 0.800290
vt 0.780274 0.023794
vt 0.897510 0.912400
vt 0.241933 0.800290
vt 0.897510 0.820982
vt 0.614242 0.927637
vt 0.519932 0.035395
vt 0.614242 0.912400
vt 0.846262 0.639097
vt 0.241933 0.592950
vt 0.763777 0.639097
vt 0.846262 0.332389
vt 0.034593 0.592950
vt 0.860873 0.023794
vt 0.761890 0.639097
vt 0.035297 0.240980
vt 0.860873 0.330502
vt 0.897510 0.866691
vt 0.240187 0.240980
vt 0.763777 0.023794
vt 0.747279 0.330503
vt 0.519214 0.316983
vt 0.614242 0.897164
vt 0.897509 0.927637
vt 0.519932 0.241887
vt 0.813268 0.330502
vt 0.034247 0.522870
vt 0.794885 0.639097
vt 0.730782 0.330503
vt 0.813268 0.023794
vt 0.241272 0.522870
vt 0.730782 0.332389
vt 0.034247 0.315845
vt 0.794885 0.332389
vt 0.811382 0.332389
vt 0.614242 0.851455
vt 0.312737 0.799279
vt 0.730782 0.639097
vt 0.730782 0.023794
vt 0.241272 0.315845
vt 0.778388 0.330503
vt 0.680057 0.457872
vt 0.611350 0.640443
vt 0.796771 0.330502
vt 0.308419 0.803601
vt 0.683282 0.455591
vt 0.614551 0.641227
vt 0.244601 0.803733
vt 0.896382 0.711563
vt 0.599216 0.455591
vt 0.614242 0.853197
vt 0.897510 0.868433
vt 0.891570 0.710385
vt 0.595990 0.457872
vt 0.844376 0.023794
vt 0.690280 0.457872
vt 0.680082 0.640444
vt 0.796771 0.023794
vt 0.308419 0.589569
vt 0.693506 0.455591
vt 0.683282 0.641227
vt 0.747279 0.332389
vt 0.614242 0.868433
vt 0.891532 0.435896
vt 0.685193 0.640444
vt 0.244601 0.589702
vt 0.896382 0.432467
vt 0.688394 0.641227
vt 0.846263 0.330502
vt 0.897510 0.853197
vt 0.590878 0.457872
vt 0.596015 0.640442
vt 0.030570 0.803733
vt 0.594104 0.455591
vt 0.599216 0.641225
vt 0.244601 0.030570
vt 0.698617 0.641227
vt 0.673059 0.455591
vt 0.614242 0.898906
vt 0.860873 0.639097
vt 0.695417 0.640444
vt 0.669833 0.457872
vt 0.030570 0.589702
vt 0.594104 0.641225
vt 0.688394 0.455591
vt 0.846262 0.023794
vt 0.747280 0.639097
vt 0.590903 0.640442
vt 0.685168 0.457872
vt 0.778388 0.639097
vt 0.860873 0.332389
vt 0.695392 0.457872
vt 0.606239 0.640443
vt 0.030570 0.030570
vt 0.698617 0.455591
vt 0.609439 0.641227
vt 0.522451 0.803601
vt 0.931325 0.426075
vt 0.614551 0.455591
vt 0.778388 0.023794
vt 0.761890 0.330503
vt 0.929042 0.425516
vt 0.611325 0.457872
vt 0.614242 0.883670
vt 0.897509 0.914142
vt 0.664721 0.457872
vt 0.932688 0.436806
vt 0.309647 0.525632
vt 0.667947 0.455591
vt 0.934970 0.437364
vt 0.897510 0.883670
vt 0.844376 0.332389
vt 0.883847 0.435896
vt 0.664747 0.640444
vt 0.309648 0.311601
vt 0.888696 0.432467
vt 0.667947 0.641227
vt 0.522451 0.589569
vt 0.693506 0.641227
vt 0.931325 0.293685
vt 0.844376 0.330502
vt 0.761890 0.023794
vt 0.690305 0.640444
vt 0.929024 0.295312
vt 0.523679 0.525632
vt 0.678171 0.641227
vt 0.934970 0.304975
vt 0.897510 0.807488
vt 0.614242 0.914142
vt 0.674970 0.640444
vt 0.932670 0.306602
vt 0.794885 0.023794
vt 0.897510 0.898906
vt 0.947112 0.310612
vt 0.669858 0.640444
vt 0.244601 0.244601
vt 0.949413 0.308986
vt 0.673059 0.641227
vt 0.030570 0.244601
vt 0.949413 0.441375
vt 0.609439 0.455591
vt 0.778388 0.332389
vt 0.794885 0.330502
vt 0.947130 0.440816
vt 0.606214 0.457872
vt 0.523679 0.311601
vt 0.888696 0.711563
vt 0.678171 0.455591
vt 0.614242 0.807488
vt 0.844376 0.639097
vt 0.883885 0.710385
vt 0.674945 0.457872
vt 0.309647 0.244601
vt 0.945767 0.441375
vt 0.904067 0.432467
vt 0.745393 0.332389
vt 0.943485 0.440816
vt 0.899218 0.435896
vt 0.780274 0.332389
vt 0.244601 0.311601
vt 0.588992 0.641227
vt 0.927679 0.293685
vt 0.796771 0.639097
vt 0.827879 0.639097
vt 0.585791 0.640443
vt 0.925379 0.295312
vt 0.523679 0.244601
vt 0.942122 0.437364
vt 0.945767 0.308986
vt 0.827879 0.330502
vt 0.939839 0.436806
vt 0.943467 0.310612
vt 0.780274 0.639097
vt 0.796771 0.332389
vt 0.614242 0.837960
vt 0.601102 0.457872
vt 0.925397 0.425516
vt 0.244601 0.525632
vt 0.604327 0.455591
vt 0.927679 0.426075
vt 0.745393 0.639097
vt 0.745393 0.023794
vt 0.918174 0.295312
vt 0.899255 0.710381
vt 0.309647 0.030570
vt 0.920474 0.293685
vt 0.904067 0.711559
vt 0.030570 0.311601
vt 0.911752 0.711561
vt 0.588992 0.455591
vt 0.897510 0.822724
vt 0.827879 0.332389
vt 0.906940 0.710383
vt 0.585766 0.457872
vt 0.745393 0.330503
vt 0.827879 0.023794
vt 0.939821 0.306602
vt 0.918192 0.425516
vt 0.523679 0.030570
vt 0.942122 0.304975
vt 0.920474 0.426075
vt 0.614242 0.822724
vt 0.897509 0.837960
vt 0.906903 0.435896
vt 0.601127 0.640443
vt 0.030570 0.525632
vt 0.911752 0.432467
vt 0.604327 0.641226
s 0
usemtl Crate
f 569/1997/225 574/2014/225 552/1942/225 553/1945/225
f 590/2070/226 575/2018/226 551/1939/226 547/1927/226
f 570/2001/227 563/1976/227 520/1832/227 529/1868/227
f 600/2106/228 595/2088/228 517/1820/228 535/1892/228
f 522/1837/229 534/1885/229 520/1829/229
f 517/1817/230 519/1825/230 521/1833/230
f 529/1865/231 532/1877/231 526/1853/231
f 528/1861/232 527/1857/232 535/1889/232
f 530/1869/233 531/1873/233 536/1893/233
f 516/1813/234 518/1821/234 513/1801/234
f 525/1849/235 524/1845/235 533/1881/235
f 514/1805/236 523/1841/236 515/1809/236
f 513/1802/237 514/1806/237 515/1810/237 516/1814/237
f 517/1818/238 513/1803/238 518/1822/238 519/1826/238
f 520/1830/239 521/1834/239 519/1827/239 522/1838/239
f 523/1842/240 524/1846/240 525/1850/240 515/1811/240
f 526/1854/241 527/1858/241 528/1862/241 529/1866/241
f 530/1870/242 518/1823/242 516/1815/242 531/1874/242
f 532/1878/243 533/1882/243 524/1847/243 526/1855/243
f 534/1886/244 532/1879/244 529/1867/244 520/1831/244
f 514/1807/245 535/1890/245 527/1859/245 523/1843/245
f 533/1883/246 536/1894/246 531/1875/246 525/1851/246
f 536/1895/247 534/1887/247 522/1839/247 530/1871/247
f 535/1891/248 517/1819/248 521/1835/248 528/1863/248
f 587/2060/227 590/2071/227 547/1928/227 548/1930/227
f 607/2130/227 604/2119/227 537/1897/227 538/1900/227
f 585/2053/249 591/2074/249 515/1812/249 525/1852/249
f 596/2091/249 599/2102/249 559/1963/249 541/1909/249
f 568/1994/227 573/2011/227 528/1864/227 521/1836/227
f 564/1979/228 569/1998/228 553/1946/228 544/1918/228
f 578/2028/228 561/1969/228 546/1924/228 554/1948/228
f 592/2077/225 586/2056/225 549/1933/225 539/1903/225
f 572/2007/228 587/2061/228 548/1931/228 550/1936/228
f 571/2004/250 576/2022/250 527/1860/250 526/1856/250
f 579/2032/250 581/2039/250 540/1906/250 555/1951/250
f 586/2057/228 579/2033/228 555/1952/228 549/1934/228
f 599/2103/225 607/2131/225 538/1901/225 559/1964/225
f 575/2019/249 572/2008/249 550/1937/249 551/1940/249
f 594/2084/250 601/2109/250 560/1966/250 558/1960/250
f 565/1983/226 584/2049/226 542/1912/226 543/1915/226
f 601/2110/227 605/2123/227 557/1957/227 560/1967/227
f 584/2050/227 578/2029/227 554/1949/227 542/1913/227
f 603/2116/228 608/2134/228 514/1808/228 513/1804/228
f 582/2043/249 580/2036/249 531/1876/249 516/1816/249
f 604/2120/250 596/2092/250 541/1910/250 537/1898/250
f 566/1987/225 562/1973/225 522/1840/225 519/1828/225
f 605/2124/225 598/2098/225 556/1954/225 557/1958/225
f 574/2015/226 567/1990/226 545/1921/226 552/1943/226
f 537/1899/228 541/1911/228 559/1965/228 538/1902/228
f 539/1904/249 549/1935/249 555/1953/249 540/1907/249
f 551/1941/250 550/1938/250 548/1932/250 547/1929/250
f 558/1961/226 560/1968/226 557/1959/226 556/1955/226
f 545/1922/227 544/1919/227 553/1947/227 552/1944/227
f 542/1914/225 554/1950/225 546/1925/225 543/1916/225
f 591/2074/249 582/2043/249 516/1816/249 515/1812/249
f 608/2134/228 600/2106/228 535/1892/228 514/1808/228
f 573/2011/227 570/2001/227 529/1868/227 528/1864/227
f 595/2088/228 603/2116/228 513/1804/228 517/1820/228
f 576/2022/250 589/2067/250 523/1844/250 527/1860/250
f 577/2025/225 583/2046/225 518/1824/225 530/1872/225
f 583/2046/225 566/1987/225 519/1828/225 518/1824/225
f 606/2127/226 602/2113/226 536/1896/226 533/1884/226
f 580/2036/249 585/2053/249 525/1852/249 531/1876/249
f 563/1976/227 568/1994/227 521/1836/227 520/1832/227
f 581/2040/226 592/2078/226 539/1905/226 540/1908/226
f 597/2095/226 606/2127/226 533/1884/226 532/1880/226
f 562/1973/225 577/2025/225 530/1872/225 522/1840/225
f 602/2113/226 593/2081/226 534/1888/226 536/1896/226
f 588/2064/250 571/2004/250 526/1856/250 524/1848/250
f 589/2067/250 588/2064/250 524/1848/250 523/1844/250
f 567/1991/250 564/1980/250 544/1920/250 545/1923/250
f 593/2081/226 597/2095/226 532/1880/226 534/1888/226
f 592/2079/246 581/2041/246 582/2044/246 591/2075/246
f 584/2051/247 565/1984/247 566/1988/247 583/2047/247
f 564/1981/241 567/1992/241 568/1995/241 563/1977/241
f 565/1985/242 561/1970/242 562/1974/242 566/1989/242
f 590/2072/241 587/2062/241 588/2065/241 589/2068/241
f 586/2058/242 592/2080/242 591/2076/242 585/2054/242
f 572/2009/240 575/2020/240 576/2023/240 571/2005/240
f 574/2016/239 569/1999/239 570/2002/239 573/2012/239
f 578/2030/239 584/2052/239 583/2048/239 577/2026/239
f 581/2042/240 579/2034/240 580/2037/240 582/2045/240
f 587/2063/245 572/2010/245 571/2006/245 588/2066/245
f 569/2000/248 564/1982/248 563/1978/248 570/2003/248
f 575/2021/243 590/2073/243 589/2069/243 576/2024/243
f 579/2035/237 586/2059/237 585/2055/237 580/2038/237
f 561/1971/238 578/2031/238 577/2027/238 562/1975/238
f 567/1993/244 574/2017/244 573/2013/244 568/1996/244
f 561/1972/249 565/1986/249 543/1917/249 546/1926/249
f 604/2121/248 607/2132/248 608/2135/248 603/2117/248
f 596/2093/245 604/2122/245 603/2118/245 595/2089/245
f 598/2099/247 605/2125/247 606/2128/247 597/2096/247
f 594/2085/246 598/2100/246 597/2097/246 593/2082/246
f 607/2133/238 599/2104/238 600/2107/238 608/2136/238
f 605/2126/244 601/2111/244 602/2114/244 606/2129/244
f 601/2112/243 594/2086/243 593/2083/243 602/2115/243
f 599/2105/237 596/2094/237 595/2090/237 600/2108/237
f 598/2101/249 594/2087/249 558/1962/249 556/1956/249
o Plank.004
v 0.134882 0.185278 -0.855202
v 0.129958 0.190278 -0.854332
v 0.134011 0.190278 -0.860126
v 0.330587 1.309722 0.252080
v 0.329717 1.314722 0.247156
v 0.324793 1.309722 0.248026
v 0.182071 0.190278 -0.868620
v 0.187865 0.190278 -0.864567
v 0.182941 0.185278 -0.863697
v 0.377776 1.314722 0.238662
v 0.378646 1.309722 0.243586
v 0.382700 1.309722 0.237792
v 0.134011 0.286344 -0.860126
v 0.129958 0.289273 -0.854332
v 0.134627 0.294879 -0.856645
v 0.307563 1.309722 0.150542
v 0.312997 1.314722 0.152556
v 0.311511 1.311187 0.144151
v 0.271129 0.803033 -0.364741
v 0.276668 0.799497 -0.362130
v 0.361056 1.314722 0.144062
v 0.365470 1.309722 0.140308
v 0.359571 1.311187 0.135657
v 0.182071 0.286344 -0.868620
v 0.182686 0.294879 -0.865139
v 0.187865 0.289273 -0.864567
v 0.289589 0.696967 -0.260294
v 0.293897 0.700503 -0.264646
v 0.382700 1.210727 0.237792
v 0.378646 1.213656 0.243586
v 0.378031 1.205121 0.240104
v 0.205095 0.190278 -0.767083
v 0.201147 0.188813 -0.760692
v 0.199661 0.185278 -0.769097
v 0.151602 0.185278 -0.760603
v 0.153087 0.188813 -0.752197
v 0.147188 0.190278 -0.756848
v 0.330587 1.213656 0.252080
v 0.324793 1.210727 0.248026
v 0.329971 1.205121 0.248598
v 1.602141 0.185278 -1.114531
v 1.607064 0.190278 -1.115401
v 1.601270 0.190278 -1.119455
v 1.797846 1.309722 -0.007249
v 1.796975 1.314722 -0.012172
v 1.801899 1.309722 -0.013043
v 1.553211 0.190278 -1.110960
v 1.549157 0.190278 -1.105167
v 1.554081 0.185278 -1.106037
v 1.748916 1.314722 -0.003678
v 1.749786 1.309722 0.001246
v 1.743992 1.309722 -0.002808
v 1.601270 0.286344 -1.119455
v 1.607064 0.289273 -1.115401
v 1.601886 0.294879 -1.115973
v 1.784669 1.309722 -0.110527
v 1.780256 1.314722 -0.106772
v 1.778770 1.311187 -0.115177
v 1.642268 0.803033 -0.607081
v 1.637960 0.799497 -0.602729
v 1.732196 1.314722 -0.098278
v 1.726762 1.309722 -0.100292
v 1.730710 1.311187 -0.106683
v 1.553211 0.286344 -1.110960
v 1.553826 0.294879 -1.107479
v 1.549157 0.289273 -1.105167
v 1.660729 0.696967 -0.502634
v 1.655190 0.700503 -0.505245
v 1.743992 1.210727 -0.002808
v 1.749786 1.213656 0.001246
v 1.749171 1.205121 -0.002236
v 1.566387 0.190278 -1.007683
v 1.572286 0.188813 -1.003032
v 1.570801 0.185278 -1.011437
v 1.618860 0.185278 -1.019931
v 1.620346 0.188813 -1.011526
v 1.624294 0.190278 -1.017917
v 1.797846 1.213656 -0.007249
v 1.801899 1.210727 -0.013043
v 1.797230 1.205121 -0.010730
vn 0.1231 -0.7071 0.6963
vn -0.0000 -1.0000 -0.0000
vn -0.1231 0.7071 -0.6963
vn -0.0000 1.0000 -0.0000
vn -0.9847 -0.0000 0.1740
vn 0.1740 -0.0000 0.9847
vn -0.6690 -0.5774 -0.4681
vn -0.4681 0.5774 0.6690
vn 0.4681 -0.5774 -0.6690
vn 0.6690 0.5774 0.4681
vn -0.6963 0.3135 -0.6456
vn -0.6191 0.7570 -0.2090
vn 0.5100 0.7570 -0.4086
vn 0.4328 0.3135 -0.8452
vn 0.6963 -0.3135 0.6456
vn 0.6191 -0.7570 0.2090
vn -0.5100 -0.7570 0.4085
vn -0.4328 -0.3135 0.8452
vn -0.1231 -0.7071 -0.6963
vn 0.1231 0.7071 0.6963
vn -0.8194 -0.0000 -0.5732
vn -0.7833 0.5000 -0.3693
vn -0.0666 0.9239 -0.3768
vn -0.1608 0.3827 -0.9098
vn 0.7833 -0.5000 0.3693
vn 0.0666 -0.9239 0.3768
vn 0.1608 -0.3827 0.9098
vn 0.6093 0.5000 -0.6154
vn -0.6093 -0.5000 0.6154
vn 0.6963 -0.7071 -0.1231
vn -0.6963 0.7071 0.1231
vn -0.5732 -0.0000 0.8194
vn 0.8194 -0.0000 0.5732
vn 0.5732 -0.0000 -0.8194
vn 0.6963 0.7071 -0.1231
vn -0.6963 -0.7071 0.1231
vn -0.1740 -0.0000 -0.9847
vn 0.9847 -0.0000 -0.1740
vn 0.5100 0.7570 -0.4085
vt 0.059125 0.852928
vt 0.458151 0.891882
vt 0.541319 0.886394
vt 0.581960 0.511243
vt 0.599800 0.453705
vt 0.455753 0.890498
vt 0.950629 0.126519
vt 0.583880 0.511243
vt 0.458151 0.889113
vt 0.538550 0.886394
vt 0.951998 0.126519
vt 0.362063 0.852928
vt 0.211954 0.890549
vt 0.951944 0.321103
vt 0.662835 0.513129
vt 0.951998 0.208588
vt 0.277452 0.852927
vt 0.951944 0.322472
vt 0.660915 0.513129
vt 0.403207 0.891695
vt 0.599800 0.023794
vt 0.950758 0.321788
vt 0.405976 0.891695
vt 0.950629 0.208588
vt 0.951944 0.327902
vt 0.538550 0.867281
vt 0.414186 0.891695
vt 0.342951 0.852928
vt 0.950758 0.327217
vt 0.951998 0.066313
vt 0.416955 0.891695
vt 0.078237 0.852927
vt 0.951944 0.326532
vt 0.541319 0.867281
vt 0.950629 0.066313
vt 0.296565 0.852927
vt 0.447915 0.891882
vt 0.660915 0.526382
vt 0.950629 0.168899
vt 0.231067 0.890549
vt 0.445517 0.890498
vt 0.662835 0.526382
vt 0.370273 0.891695
vt 0.447915 0.889113
vt 0.373042 0.891695
vt 0.951998 0.168899
vt 0.979911 0.975491
vt 0.951998 0.107914
vt 0.437959 0.867281
vt 0.362063 0.890549
vt 0.618809 0.434696
vt 0.978752 0.977022
vt 0.950629 0.107347
vt 0.647682 0.455591
vt 0.728896 0.023794
vt 0.977593 0.975491
vt 0.644053 0.457094
vt 0.441577 0.867281
vt 0.618809 0.042803
vt 0.511557 0.888585
vt 0.647682 0.663974
vt 0.405976 0.852927
vt 0.277452 0.890548
vt 0.511557 0.891582
vt 0.492756 0.852927
vt 0.403207 0.854075
vt 0.728896 0.414097
vt 0.508673 0.889398
vt 0.644071 0.663583
vt 0.489138 0.852927
vt 0.715643 0.218946
vt 0.700504 0.563437
vt 0.703059 0.563439
vt 0.296565 0.890548
vt 0.951940 0.310775
vt 0.492756 0.872040
vt 0.950629 0.187503
vt 0.950758 0.309880
vt 0.704062 0.415982
vt 0.951998 0.188071
vt 0.715643 0.414097
vt 0.951940 0.308986
vt 0.489138 0.872040
vt 0.701491 0.417026
vt 0.937742 0.326974
vt 0.437959 0.886394
vt 0.414186 0.854075
vt 0.342951 0.890549
vt 0.715643 0.023794
vt 0.936315 0.325894
vt 0.441577 0.886394
vt 0.701502 0.709855
vt 0.937742 0.325492
vt 0.704062 0.710449
vt 0.416955 0.852927
vt 0.942122 0.164454
vt 0.705948 0.563434
vt 0.708503 0.563436
vt 0.950629 0.304878
vt 0.709506 0.710444
vt 0.373042 0.852927
vt 0.231067 0.852927
vt 0.951811 0.303983
vt 0.496730 0.872040
vt 0.370273 0.854074
vt 0.942122 0.303630
vt 0.951811 0.305772
vt 0.706947 0.709849
vt 0.500348 0.872040
vt 0.505953 0.888585
vt 0.709506 0.415982
vt 0.951998 0.085485
vt 0.942122 0.025279
vt 0.505953 0.891582
vt 0.706936 0.417026
vt 0.470005 0.886394
vt 0.078237 0.890549
vt 0.503068 0.889398
vt 0.473623 0.886394
vt 0.950629 0.084918
vt 0.059125 0.890549
vt 0.492023 0.889192
vt 0.473623 0.867281
vt 0.581960 0.485155
vt 0.932670 0.025279
vt 0.489138 0.887008
vt 0.470005 0.867281
vt 0.649586 0.663583
vt 0.580791 0.434696
vt 0.492023 0.886194
vt 0.653198 0.663974
vt 0.583880 0.484360
vt 0.211954 0.852927
vt 0.951940 0.313909
vt 0.496730 0.852927
vt 0.951998 0.189983
vt 0.580791 0.042803
vt 0.950758 0.313015
vt 0.653198 0.455591
vt 0.950629 0.189416
vt 0.932670 0.303630
vt 0.951940 0.312120
vt 0.500348 0.852927
vt 0.649568 0.457094
vt 0.209234 0.852927
vt 0.533432 0.890498
vt 0.486418 0.867281
vt 0.408697 0.852927
vt 0.966900 0.025279
vt 0.535830 0.891882
vt 0.923189 0.312857
vt 0.411466 0.852927
vt 0.535830 0.889113
vt 0.483649 0.867281
vt 0.921819 0.312857
vt 0.168289 0.852927
vt 0.274732 0.890549
vt 0.463269 0.891882
vt 0.533061 0.867281
vt 0.950629 0.229104
vt 0.252900 0.852928
vt 0.463269 0.889113
vt 0.535830 0.867281
vt 0.378531 0.891695
vt 0.966900 0.331877
vt 0.460871 0.890498
vt 0.375762 0.891695
vt 0.951998 0.229104
vt 0.951944 0.318388
vt 0.483649 0.886393
vt 0.951998 0.290655
vt 0.187401 0.852927
vt 0.950758 0.319073
vt 0.937685 0.324147
vt 0.950629 0.290655
vt 0.190121 0.852928
vt 0.951944 0.319758
vt 0.486418 0.886393
vt 0.936315 0.324147
vt 0.233787 0.852928
vt 0.468387 0.891882
vt 0.535830 0.886393
vt 0.364783 0.891695
vt 0.255620 0.890549
vt 0.468387 0.889113
vt 0.533061 0.886393
vt 0.662835 0.482474
vt 0.465989 0.890498
vt 0.660915 0.482474
vt 0.367553 0.891695
vt 0.978992 0.970477
vt 0.921819 0.294252
vt 0.454253 0.867281
vt 0.168289 0.890549
vt 0.980457 0.038835
vt 0.979513 0.968629
vt 0.923189 0.293685
vt 0.631126 0.663449
vt 0.614242 0.941619
vt 0.977593 0.968629
vt 0.627506 0.662998
vt 0.450635 0.867281
vt 0.980457 0.318321
vt 0.497628 0.874760
vt 0.631126 0.455591
vt 0.375762 0.852927
vt 0.252900 0.890549
vt 0.494743 0.875574
vt 0.476343 0.867281
vt 0.378531 0.854074
vt 0.974714 0.941619
vt 0.497628 0.877757
vt 0.627487 0.457045
vt 0.479961 0.867281
vt 0.794478 0.929379
vt 0.868204 0.569059
vt 0.870759 0.569061
vt 0.233787 0.890549
vt 0.497628 0.883474
vt 0.476343 0.886393
vt 0.364783 0.854074
vt 0.497628 0.880477
vt 0.871762 0.716069
vt 0.367553 0.852927
vt 0.974714 0.929379
vt 0.494743 0.881290
vt 0.479961 0.886393
vt 0.869202 0.715475
vt 0.951940 0.317043
vt 0.454253 0.886394
vt 0.951998 0.272051
vt 0.187401 0.890549
vt 0.614242 0.929379
vt 0.951940 0.315254
vt 0.450635 0.886394
vt 0.869192 0.422651
vt 0.950758 0.316149
vt 0.871762 0.421606
vt 0.950629 0.271483
vt 0.794479 0.955602
vt 0.719893 0.563436
vt 0.722449 0.563438
vt 0.505953 0.880147
vt 0.723452 0.415983
vt 0.660915 0.455591
vt 0.255620 0.852928
vt 0.505953 0.877150
vt 0.583880 0.526382
vt 0.662835 0.456387
vt 0.974715 0.955602
vt 0.503068 0.879333
vt 0.720881 0.417027
vt 0.581371 0.526382
vt 0.923609 0.326482
vt 0.723452 0.710446
vt 0.937685 0.304975
vt 0.614242 0.955602
vt 0.923609 0.324999
vt 0.720892 0.709851
vt 0.923609 0.323654
vt 0.190121 0.890549
vt 0.922182 0.326079
vt 0.921819 0.323654
vt 0.936315 0.305542
vt 0.209234 0.890549
vt 0.519363 0.889113
vt 0.921819 0.314202
vt 0.408697 0.890548
vt 0.614242 0.943361
vt 0.516478 0.891297
vt 0.923609 0.314202
vt 0.633012 0.457045
vt 0.953344 0.038835
vt 0.519363 0.892110
vt 0.636651 0.455591
vt 0.411466 0.891695
vt 0.274732 0.852928
vt 0.660835 0.529782
vt 0.583880 0.513129
vt 0.950629 0.210500
vt 0.953344 0.318321
vt 0.662835 0.530346
vt 0.636651 0.663448
vt 0.951998 0.209933
vt 0.974715 0.943361
vt 0.662835 0.528268
vt 0.581371 0.513129
vt 0.633031 0.662997
s 0
usemtl Crate
f 641/2249/251 635/2232/251 639/2242/251 648/2277/251 644/2261/251
f 609/2137/252 617/2168/252 642/2253/252 643/2257/252
f 623/2191/253 626/2203/253 631/2217/253 627/2207/253 633/2225/253
f 613/2153/254 618/2172/254 629/2210/254 625/2199/254
f 624/2195/255 622/2187/255 610/2141/255 645/2265/255 647/2273/255 614/2157/255
f 638/2238/256 619/2176/256 612/2149/256 646/2269/256
f 609/2138/257 610/2142/257 611/2145/257
f 612/2150/258 613/2154/258 614/2158/258
f 615/2161/259 616/2165/259 617/2169/259
f 618/2173/260 619/2177/260 620/2180/260
f 621/2183/261 622/2188/261 623/2192/261
f 624/2196/262 625/2200/262 626/2204/262
f 629/2211/263 630/2214/263 631/2218/263
f 632/2221/264 633/2226/264 634/2229/264
f 637/2235/265 638/2239/265 639/2243/265
f 640/2246/266 641/2250/266 642/2254/266
f 643/2258/267 644/2262/267 645/2266/267
f 646/2270/268 647/2274/268 648/2278/268
f 611/2146/269 615/2162/269 617/2170/269 609/2139/269
f 612/2151/270 619/2178/270 618/2174/270 613/2155/270
f 610/2143/271 622/2189/271 621/2184/271 611/2147/271
f 622/2190/272 624/2197/272 626/2205/272 623/2193/272
f 625/2201/273 629/2212/273 631/2219/273 626/2206/273
f 623/2194/274 633/2227/274 632/2222/274 621/2185/274
f 636/2234/275 637/2236/275 639/2244/275 635/2233/275
f 635/2233/275 641/2251/275 640/2247/275 636/2234/275
f 641/2252/276 644/2263/276 643/2259/276 642/2255/276
f 638/2240/277 646/2271/277 648/2279/277 639/2245/277
f 627/2208/278 631/2220/278 630/2215/278 628/2209/278
f 628/2209/278 634/2230/278 633/2228/278 627/2208/278
f 644/2264/279 648/2280/279 647/2275/279 645/2267/279
f 616/2166/280 640/2248/280 642/2256/280 617/2171/280
f 613/2156/281 625/2202/281 624/2198/281 614/2159/281
f 614/2160/282 647/2276/282 646/2272/282 612/2152/282
f 619/2179/283 638/2241/283 637/2237/283 620/2181/283
f 615/2163/284 632/2223/284 634/2231/284 616/2167/284
f 620/2182/285 630/2216/285 629/2213/285 618/2175/285
f 609/2140/286 643/2260/286 645/2268/286 610/2144/286
f 615/2164/287 611/2148/287 621/2186/287 632/2224/287
f 681/2393/251 684/2405/251 688/2421/251 679/2386/251 675/2376/251
f 649/2281/252 683/2401/252 682/2397/252 657/2312/252
f 663/2335/253 673/2369/253 667/2351/253 671/2361/253 666/2347/253
f 653/2297/254 665/2343/254 669/2354/254 658/2316/254
f 664/2339/288 654/2301/288 687/2417/288 685/2409/288 650/2285/288 662/2331/288
f 678/2382/256 686/2413/256 652/2293/256 659/2320/256
f 649/2282/259 651/2289/259 650/2286/259
f 652/2294/260 654/2302/260 653/2298/260
f 655/2305/257 657/2313/257 656/2309/257
f 658/2317/258 660/2324/258 659/2321/258
f 661/2327/264 663/2336/264 662/2332/264
f 664/2340/289 666/2348/289 665/2344/289
f 669/2355/262 671/2362/262 670/2358/262
f 672/2365/261 674/2373/261 673/2370/261
f 677/2379/268 679/2387/268 678/2383/268
f 680/2390/267 682/2398/267 681/2394/267
f 683/2402/266 685/2410/266 684/2406/266
f 686/2414/265 688/2422/265 687/2418/265
f 651/2290/269 649/2283/269 657/2314/269 655/2306/269
f 652/2295/270 653/2299/270 658/2318/270 659/2322/270
f 650/2287/284 651/2291/284 661/2328/284 662/2333/284
f 662/2334/278 663/2337/278 666/2349/278 664/2341/278
f 665/2345/273 666/2350/273 671/2363/273 669/2356/273
f 663/2338/274 661/2329/274 672/2366/274 673/2371/274
f 676/2378/279 675/2377/279 679/2388/279 677/2380/279
f 675/2377/279 676/2378/279 680/2391/279 681/2395/279
f 681/2396/276 682/2399/276 683/2403/276 684/2407/276
f 678/2384/277 679/2389/277 688/2423/277 686/2415/277
f 667/2352/272 668/2353/272 670/2359/272 671/2364/272
f 668/2353/272 667/2352/272 673/2372/272 674/2374/272
f 684/2408/275 685/2411/275 687/2419/275 688/2424/275
f 656/2310/286 657/2315/286 682/2400/286 680/2392/286
f 653/2300/285 654/2303/285 664/2342/285 665/2346/285
f 654/2304/283 652/2296/283 686/2416/283 687/2420/283
f 659/2323/282 660/2325/282 677/2381/282 678/2385/282
f 655/2307/271 656/2311/271 674/2375/271 672/2367/271
f 660/2326/281 658/2319/281 669/2357/281 670/2360/281
f 649/2284/280 650/2288/280 685/2412/280 683/2404/280
f 655/2308/287 672/2368/287 661/2330/287 651/2292/287
o Plank.005
v 0.544416 0.185278 0.397359
v 0.545286 0.190278 0.402283
v 0.539492 0.190278 0.398229
v 1.651694 1.309722 0.201655
v 1.646770 1.314722 0.202525
v 1.647640 1.309722 0.207449
v 0.530998 0.190278 0.350170
v 0.535051 0.190278 0.344376
v 0.535921 0.185278 0.349299
v 1.638276 1.314722 0.154465
v 1.643199 1.309722 0.153595
v 1.637406 1.309722 0.149542
v 0.539492 0.286344 0.398229
v 0.545286 0.289273 0.402283
v 0.542974 0.294879 0.397614
v 1.550157 1.309722 0.224678
v 1.552171 1.314722 0.219245
v 1.543765 1.311187 0.220730
v 1.034875 0.803033 0.261113
v 1.037487 0.799497 0.255574
v 1.543676 1.314722 0.171185
v 1.539922 1.309722 0.166771
v 1.535271 1.311187 0.172671
v 0.530998 0.286344 0.350170
v 0.534479 0.294879 0.349554
v 0.535051 0.289273 0.344376
v 1.139322 0.696967 0.242652
v 1.134970 0.700503 0.238344
v 1.637406 1.210727 0.149542
v 1.643199 1.213656 0.153595
v 1.639718 1.205121 0.154210
v 0.632535 0.190278 0.327146
v 0.638926 0.188813 0.331094
v 0.630521 0.185278 0.332580
v 0.639015 0.185278 0.380639
v 0.647420 0.188813 0.379154
v 0.642770 0.190278 0.385053
v 1.651694 1.213656 0.201655
v 1.647640 1.210727 0.207449
v 1.648212 1.205121 0.202270
v 0.285087 0.185278 -1.069900
v 0.284217 0.190278 -1.074824
v 0.280163 0.190278 -1.069030
v 1.392365 1.309722 -1.265604
v 1.387442 1.314722 -1.264734
v 1.386571 1.309722 -1.269658
v 0.288658 0.190278 -1.020970
v 0.294452 0.190278 -1.016917
v 0.293581 0.185278 -1.021840
v 1.395936 1.314722 -1.216674
v 1.400859 1.309722 -1.217545
v 1.396806 1.309722 -1.211751
v 0.280163 0.286344 -1.069030
v 0.284217 0.289273 -1.074824
v 0.283645 0.294879 -1.069645
v 1.289088 1.309722 -1.252428
v 1.292842 1.314722 -1.248014
v 1.284437 1.311187 -1.246529
v 0.792535 0.803033 -1.110027
v 0.796887 0.799497 -1.105719
v 1.301336 1.314722 -1.199955
v 1.299322 1.309722 -1.194521
v 1.292931 1.311187 -1.198469
v 0.288658 0.286344 -1.020970
v 0.292139 0.294879 -1.021585
v 0.294452 0.289273 -1.016917
v 0.896982 0.696967 -1.128487
v 0.894371 0.700503 -1.122948
v 1.396806 1.210727 -1.211751
v 1.400859 1.213656 -1.217545
v 1.397378 1.205121 -1.216929
v 0.391935 0.190278 -1.034146
v 0.396586 0.188813 -1.040046
v 0.388181 0.185278 -1.038560
v 0.379687 0.185278 -1.086620
v 0.388092 0.188813 -1.088105
v 0.381701 0.190278 -1.092053
v 1.392365 1.213656 -1.265604
v 1.386571 1.210727 -1.269658
v 1.388884 1.205121 -1.264989
vn 0.6963 -0.7071 -0.1231
vn -0.0000 -1.0000 -0.0000
vn -0.6963 0.7071 0.1231
vn -0.0000 1.0000 -0.0000
vn 0.1740 -0.0000 0.9847
vn 0.9847 -0.0000 -0.1740
vn -0.4681 -0.5773 0.6690
vn 0.6690 0.5773 0.4681
vn -0.6690 -0.5773 -0.4681
vn 0.4681 0.5773 -0.6690
vn -0.6456 0.3135 0.6963
vn -0.2090 0.7570 0.6191
vn -0.4086 0.7570 -0.5100
vn -0.8452 0.3135 -0.4328
vn 0.6456 -0.3135 -0.6963
vn 0.2090 -0.7570 -0.6191
vn 0.4085 -0.7570 0.5100
vn 0.8452 -0.3135 0.4328
vn -0.6963 -0.7071 0.1231
vn 0.6963 0.7071 -0.1231
vn -0.5732 -0.0000 0.8194
vn -0.3693 0.5000 0.7833
vn -0.3768 0.9239 0.0666
vn -0.9098 0.3827 0.1608
vn 0.3693 -0.5000 -0.7833
vn 0.3768 -0.9239 -0.0666
vn 0.9098 -0.3827 -0.1608
vn -0.6154 0.5000 -0.6093
vn 0.6154 -0.5000 0.6093
vn -0.1231 -0.7071 -0.6963
vn 0.1231 0.7071 0.6963
vn 0.8194 -0.0000 0.5732
vn 0.5732 -0.0000 -0.8194
vn -0.8194 -0.0000 -0.5732
vn -0.1231 0.7071 -0.6963
vn 0.1231 -0.7071 0.6963
vn -0.9847 -0.0000 0.1740
vn -0.1740 -0.0000 -0.9847
vn -0.8452 0.3136 -0.4328
vn -0.4085 0.7570 -0.5100
vn -0.6456 0.3136 0.6963
vn 0.4086 -0.7570 0.5100
vt 0.034523 0.852928
vt 0.543668 0.890498
vt 0.951998 0.302638
vt 0.950629 0.249622
vt 0.639704 0.453705
vt 0.546066 0.889113
vt 0.950629 0.147036
vt 0.951998 0.249622
vt 0.546066 0.891882
vt 0.950629 0.302638
vt 0.951998 0.147036
vt 0.009921 0.891695
vt 0.124623 0.890548
vt 0.540948 0.891882
vt 0.530341 0.867281
vt 0.951998 0.106002
vt 0.299285 0.852927
vt 0.538550 0.890498
vt 0.527572 0.867281
vt 0.392229 0.891695
vt 0.639704 0.023794
vt 0.540948 0.889113
vt 0.394998 0.891695
vt 0.950629 0.106002
vt 0.950629 0.293186
vt 0.029034 0.891695
vt 0.951314 0.292000
vt 0.056405 0.852928
vt 0.031803 0.891695
vt 0.951998 0.293186
vt 0.053635 0.852928
vt 0.318398 0.852927
vt 0.951944 0.325187
vt 0.527572 0.886394
vt 0.951998 0.064968
vt 0.143736 0.890548
vt 0.950758 0.324502
vt 0.530341 0.886394
vt 0.419675 0.891696
vt 0.951944 0.323818
vt 0.422444 0.891696
vt 0.950629 0.064968
vt 0.979910 0.972219
vt 0.951998 0.128432
vt 0.513024 0.874430
vt 0.009921 0.854075
vt 0.658713 0.434696
vt 0.978752 0.973749
vt 0.950629 0.127864
vt 0.658713 0.455591
vt 0.919985 0.291862
vt 0.977593 0.972219
vt 0.655084 0.457094
vt 0.509406 0.874430
vt 0.658713 0.042803
vt 0.505953 0.882867
vt 0.658713 0.663973
vt 0.394998 0.852927
vt 0.299285 0.890549
vt 0.505953 0.885865
vt 0.460828 0.867281
vt 0.392229 0.854074
vt 0.918174 0.026281
vt 0.503068 0.883681
vt 0.655102 0.663581
vt 0.457211 0.867281
vt 0.928098 0.159010
vt 0.930415 0.159012
vt 0.318398 0.890549
vt 0.978115 0.966887
vt 0.460828 0.886394
vt 0.951998 0.046363
vt 0.977593 0.965040
vt 0.931325 0.025279
vt 0.950629 0.045796
vt 0.927192 0.026220
vt 0.979513 0.965040
vt 0.457211 0.886394
vt 0.928994 0.026226
vt 0.513024 0.855317
vt 0.029034 0.854075
vt 0.509406 0.855317
vt 0.929003 0.291801
vt 0.511215 0.852927
vt 0.931325 0.292340
vt 0.031803 0.852927
vt 0.794479 0.971326
vt 0.714449 0.563435
vt 0.717005 0.563437
vt 0.497628 0.889192
vt 0.718007 0.710444
vt 0.422444 0.852927
vt 0.143736 0.852927
vt 0.494743 0.888378
vt 0.435239 0.867281
vt 0.419675 0.854074
vt 0.974716 0.971326
vt 0.497628 0.886194
vt 0.715448 0.709849
vt 0.431621 0.867281
vt 0.504877 0.852927
vt 0.718007 0.415983
vt 0.056405 0.891695
vt 0.614242 0.971326
vt 0.715437 0.417027
vt 0.506686 0.855317
vt 0.503068 0.855317
vt 0.053635 0.890549
vt 0.034523 0.890549
vt 0.509406 0.879334
vt 0.503068 0.874430
vt 0.950629 0.231017
vt 0.614242 0.983567
vt 0.512291 0.877150
vt 0.506686 0.874430
vt 0.638555 0.663581
vt 0.620695 0.434696
vt 0.512291 0.880147
vt 0.642167 0.663973
vt 0.951998 0.230449
vt 0.124623 0.852927
vt 0.581371 0.532797
vt 0.435239 0.886394
vt 0.951998 0.087397
vt 0.620695 0.042803
vt 0.583372 0.532233
vt 0.642167 0.455591
vt 0.950629 0.086830
vt 0.974716 0.983567
vt 0.583372 0.534311
vt 0.431621 0.886394
vt 0.638537 0.457094
vt 0.100070 0.852927
vt 0.471107 0.890498
vt 0.524852 0.867281
vt 0.662835 0.511243
vt 0.679608 0.023794
vt 0.473505 0.891882
vt 0.951998 0.044451
vt 0.660915 0.511243
vt 0.473505 0.889113
vt 0.522082 0.867281
vt 0.950629 0.044451
vt 0.146456 0.852927
vt 0.102790 0.852927
vt 0.453033 0.891882
vt 0.544039 0.867281
vt 0.950629 0.167554
vt 0.340231 0.852927
vt 0.453033 0.889113
vt 0.546808 0.867281
vt 0.583880 0.482474
vt 0.679608 0.453705
vt 0.450635 0.890498
vt 0.581960 0.482474
vt 0.951998 0.167554
vt 0.551184 0.891882
vt 0.522082 0.886394
vt 0.381251 0.852927
vt 0.165569 0.852927
vt 0.551184 0.889113
vt 0.389509 0.891695
vt 0.384020 0.852927
vt 0.080957 0.852927
vt 0.548786 0.890498
vt 0.524852 0.886394
vt 0.386740 0.891695
vt 0.321118 0.852927
vt 0.486047 0.891882
vt 0.546808 0.886393
vt 0.397718 0.891695
vt 0.121903 0.852927
vt 0.486047 0.889113
vt 0.544039 0.886393
vt 0.951998 0.270138
vt 0.483649 0.890498
vt 0.950629 0.270138
vt 0.400488 0.891695
vt 0.977593 0.982036
vt 0.950629 0.025846
vt 0.519363 0.867281
vt 0.146456 0.890548
vt 0.698618 0.042803
vt 0.978752 0.983567
vt 0.951998 0.025279
vt 0.620076 0.663446
vt 0.614242 0.969584
vt 0.979911 0.982036
vt 0.616456 0.662995
vt 0.515745 0.867281
vt 0.698618 0.434696
vt 0.978752 0.980294
vt 0.620076 0.455591
vt 0.581960 0.455591
vt 0.340231 0.890548
vt 0.979910 0.978763
vt 0.444297 0.867281
vt 0.583880 0.456386
vt 0.974716 0.969584
vt 0.977593 0.978763
vt 0.616437 0.457045
vt 0.447915 0.867281
vt 0.794479 0.957344
vt 0.725338 0.563437
vt 0.727893 0.563439
vt 0.321118 0.890548
vt 0.581371 0.529783
vt 0.444297 0.886393
vt 0.397718 0.854074
vt 0.583372 0.530347
vt 0.728896 0.710448
vt 0.400488 0.852927
vt 0.974716 0.957344
vt 0.583372 0.528268
vt 0.447915 0.886393
vt 0.726336 0.709854
vt 0.660835 0.532797
vt 0.519363 0.886393
vt 0.381251 0.890548
vt 0.165569 0.890548
vt 0.614242 0.957344
vt 0.662835 0.534311
vt 0.515745 0.886393
vt 0.726326 0.417027
vt 0.662835 0.532233
vt 0.728896 0.415983
vt 0.384020 0.891695
vt 0.713757 0.218945
vt 0.862759 0.569058
vt 0.865315 0.569060
vt 0.492023 0.883474
vt 0.866318 0.421606
vt 0.950629 0.250967
vt 0.121903 0.890549
vt 0.492023 0.880477
vt 0.467166 0.886394
vt 0.951998 0.251534
vt 0.713757 0.023794
vt 0.489138 0.882661
vt 0.863747 0.422651
vt 0.463548 0.886394
vt 0.511558 0.885865
vt 0.866318 0.716067
vt 0.389509 0.852927
vt 0.713757 0.414096
vt 0.511558 0.882867
vt 0.863758 0.715472
vt 0.428782 0.886394
vt 0.080957 0.890549
vt 0.508673 0.885051
vt 0.425164 0.886394
vt 0.386740 0.854074
vt 0.100070 0.890549
vt 0.489138 0.875573
vt 0.425164 0.867281
vt 0.662835 0.485155
vt 0.700504 0.414096
vt 0.492023 0.877757
vt 0.428782 0.867281
vt 0.621962 0.457045
vt 0.660600 0.042803
vt 0.492023 0.874760
vt 0.625601 0.455591
vt 0.660915 0.484360
vt 0.102790 0.890549
vt 0.978992 0.963298
vt 0.467166 0.867281
vt 0.950629 0.148949
vt 0.660600 0.434696
vt 0.979513 0.961450
vt 0.625601 0.663447
vt 0.951998 0.148381
vt 0.700504 0.023794
vt 0.977593 0.961450
vt 0.463548 0.867281
vt 0.621981 0.662996
s 0
usemtl Crate
f 721/2528/290 715/2511/290 719/2521/290 728/2553/290 724/2537/290
f 689/2425/291 697/2455/291 722/2532/291 723/2533/291
f 703/2475/292 706/2487/292 711/2500/292 707/2491/292 713/2507/292
f 693/2441/293 698/2456/293 709/2493/293 705/2483/293
f 704/2479/294 702/2471/294 690/2429/294 725/2541/294 727/2549/294 694/2445/294
f 718/2517/295 699/2460/295 692/2437/295 726/2545/295
f 689/2426/296 690/2430/296 691/2433/296
f 692/2438/297 693/2442/297 694/2446/297
f 695/2449/298 696/2451/298 697/2454/298
f 698/2457/299 699/2461/299 700/2464/299
f 701/2467/300 702/2472/300 703/2476/300
f 704/2480/301 705/2484/301 706/2488/301
f 709/2494/302 710/2497/302 711/2501/302
f 712/2504/303 713/2506/303 714/2508/303
f 717/2514/304 718/2518/304 719/2522/304
f 720/2525/305 721/2530/305 722/2531/305
f 723/2534/306 724/2538/306 725/2542/306
f 726/2546/307 727/2550/307 728/2554/307
f 691/2434/308 695/2449/308 697/2454/308 689/2427/308
f 692/2439/309 699/2462/309 698/2458/309 693/2443/309
f 690/2431/310 702/2473/310 701/2468/310 691/2435/310
f 702/2474/311 704/2481/311 706/2489/311 703/2477/311
f 705/2485/312 709/2495/312 711/2502/312 706/2490/312
f 703/2478/313 713/2506/313 712/2504/313 701/2469/313
f 716/2513/314 717/2515/314 719/2523/314 715/2512/314
f 715/2512/314 721/2529/314 720/2526/314 716/2513/314
f 721/2530/315 724/2539/315 723/2535/315 722/2531/315
f 718/2519/316 726/2547/316 728/2555/316 719/2524/316
f 707/2491/317 711/2503/317 710/2498/317 708/2492/317
f 708/2492/317 714/2509/317 713/2507/317 707/2491/317
f 724/2540/318 728/2556/318 727/2551/318 725/2543/318
f 696/2452/319 720/2527/319 722/2532/319 697/2455/319
f 693/2444/320 705/2486/320 704/2482/320 694/2447/320
f 694/2448/321 727/2552/321 726/2548/321 692/2440/321
f 699/2463/322 718/2520/322 717/2516/322 700/2465/322
f 695/2450/323 712/2505/323 714/2510/323 696/2453/323
f 700/2466/324 710/2499/324 709/2496/324 698/2459/324
f 689/2428/325 723/2536/325 725/2544/325 690/2432/325
f 695/2450/326 691/2436/326 701/2470/326 712/2505/326
f 761/2669/290 764/2681/290 768/2697/290 759/2662/290 755/2652/290
f 729/2557/291 763/2677/291 762/2673/291 737/2588/291
f 743/2611/292 753/2645/292 747/2627/292 751/2637/292 746/2623/292
f 733/2573/293 745/2619/293 749/2630/293 738/2592/293
f 744/2615/327 734/2577/327 767/2693/327 765/2685/327 730/2561/327 742/2607/327
f 758/2658/295 766/2689/295 732/2569/295 739/2596/295
f 729/2558/298 731/2565/298 730/2562/298
f 732/2570/299 734/2578/299 733/2574/299
f 735/2581/296 737/2589/296 736/2585/296
f 738/2593/297 740/2600/297 739/2597/297
f 741/2603/328 743/2612/328 742/2608/328
f 744/2616/329 746/2624/329 745/2620/329
f 749/2631/301 751/2638/301 750/2634/301
f 752/2641/330 754/2649/330 753/2646/330
f 757/2655/307 759/2663/307 758/2659/307
f 760/2666/331 762/2674/331 761/2670/331
f 763/2678/305 765/2686/305 764/2682/305
f 766/2690/304 768/2698/304 767/2694/304
f 731/2566/308 729/2559/308 737/2590/308 735/2582/308
f 732/2571/309 733/2575/309 738/2594/309 739/2598/309
f 730/2563/323 731/2567/323 741/2604/323 742/2609/323
f 742/2610/317 743/2613/317 746/2625/317 744/2617/317
f 745/2621/312 746/2626/312 751/2639/312 749/2632/312
f 743/2614/313 741/2605/313 752/2642/313 753/2647/313
f 756/2654/318 755/2653/318 759/2664/318 757/2656/318
f 755/2653/318 756/2654/318 760/2667/318 761/2671/318
f 761/2672/315 762/2675/315 763/2679/315 764/2683/315
f 758/2660/316 759/2665/316 768/2699/316 766/2691/316
f 747/2628/311 748/2629/311 750/2635/311 751/2640/311
f 748/2629/311 747/2628/311 753/2648/311 754/2650/311
f 764/2684/314 765/2687/314 767/2695/314 768/2700/314
f 736/2586/325 737/2591/325 762/2676/325 760/2668/325
f 733/2576/324 734/2579/324 744/2618/324 745/2622/324
f 734/2580/322 732/2572/322 766/2692/322 767/2696/322
f 739/2599/321 740/2601/321 757/2657/321 758/2661/321
f 735/2583/310 736/2587/310 754/2651/310 752/2643/310
f 740/2602/320 738/2595/320 749/2633/320 750/2636/320
f 729/2560/319 730/2564/319 765/2688/319 763/2680/319
f 735/2584/326 752/2644/326 741/2606/326 731/2568/326
o Crate_Main.003
v 0.578927 1.500000 -0.853059
v -0.853059 1.500000 -0.578927
v -0.857009 1.521005 -0.599558
v 0.574978 1.521005 -0.873690
v 0.853059 1.500000 0.578927
v 0.599558 1.521005 -0.857009
v 0.873690 1.521005 0.574978
v 0.857009 2.978995 0.599558
v 0.857009 1.521005 0.599558
v 0.873690 2.978995 0.574978
v -0.873690 1.521005 -0.574978
v -0.873690 2.978995 -0.574978
v -0.857009 2.978995 -0.599558
v -0.599558 2.978995 0.857009
v -0.599558 1.521005 0.857009
v -0.574978 1.521005 0.873690
v -0.574978 2.978995 0.873690
v 0.599558 2.978995 -0.857009
v 0.574978 2.978995 -0.873690
v -0.578927 3.000000 0.853059
v -0.853059 3.000000 -0.578927
v 0.853059 3.000000 0.578927
v -0.578927 1.500000 0.853059
v 0.578927 3.000000 -0.853059
v 0.448471 1.558805 -0.660830
v -0.660830 1.558805 -0.448471
v -0.684609 1.685278 -0.572689
v 0.424691 1.685278 -0.785047
v 0.660830 1.558805 0.448471
v 0.572689 1.685278 -0.684609
v 0.785047 1.685278 0.424691
v 0.684609 2.814722 0.572689
v 0.684609 1.685278 0.572689
v 0.785047 2.814722 0.424691
v -0.785047 1.685278 -0.424691
v -0.785047 2.814722 -0.424691
v -0.684609 2.814722 -0.572689
v -0.572689 2.814722 0.684609
v -0.572689 1.685278 0.684609
v -0.424691 1.685278 0.785047
v -0.424691 2.814722 0.785047
v 0.572689 2.814722 -0.684609
v 0.424691 2.814722 -0.785047
v -0.448471 2.941195 0.660830
v -0.660830 2.941195 -0.448471
v 0.660830 2.941195 0.448471
v -0.448471 1.558805 0.660830
v 0.448471 2.941195 -0.660830
v 0.837892 2.814722 0.414575
v 0.843743 2.819722 0.418546
v 0.700577 2.819722 0.629504
v 0.694726 2.814722 0.625534
v 0.837892 1.685278 0.414575
v 0.843743 1.680278 0.418546
v 0.694726 1.685278 0.625534
v 0.700577 1.680278 0.629504
v -0.414575 2.814722 0.837892
v -0.418546 2.819722 0.843743
v -0.629504 2.819722 0.700577
v -0.625534 2.814722 0.694726
v -0.418546 1.680278 0.843743
v -0.414575 1.685278 0.837892
v -0.625534 1.685278 0.694726
v -0.629504 1.680278 0.700577
v 0.629504 2.819722 -0.700577
v 0.625534 2.814722 -0.694726
v 0.414575 2.814722 -0.837892
v 0.418546 2.819722 -0.843743
v 0.414575 1.685278 -0.837892
v 0.418546 1.680278 -0.843743
v 0.629504 1.680278 -0.700577
v 0.625534 1.685278 -0.694726
v -0.700577 2.819722 -0.629504
v -0.694726 2.814722 -0.625534
v -0.837892 2.814722 -0.414575
v -0.843743 2.819722 -0.418546
v -0.843743 1.680278 -0.418546
v -0.837892 1.685278 -0.414575
v -0.700577 1.680278 -0.629504
v -0.694726 1.685278 -0.625534
v 0.666681 3.000000 0.452442
v 0.660830 2.995000 0.448471
v 0.666681 1.500000 0.452442
v 0.660830 1.505000 0.448471
v -0.452442 3.000000 0.666681
v -0.448471 2.995000 0.660830
v -0.448471 1.505000 0.660830
v -0.452442 1.500000 0.666681
v 0.448471 2.995000 -0.660830
v 0.452442 3.000000 -0.666681
v 0.452442 1.500000 -0.666681
v 0.448471 1.505000 -0.660830
v -0.660830 2.995000 -0.448471
v -0.666681 3.000000 -0.452442
v -0.660830 1.505000 -0.448471
v -0.666681 1.500000 -0.452442
vn 0.9822 -0.0000 -0.1880
vn -0.0000 1.0000 -0.0000
vn 0.1880 -0.0000 0.9822
vn -0.0000 -1.0000 -0.0000
vn 0.6756 0.5774 0.4585
vn 0.6756 -0.5774 0.4585
vn -0.4585 0.5774 0.6756
vn -0.4585 -0.5774 0.6756
vn 0.4585 0.5774 -0.6756
vn 0.4585 -0.5774 -0.6756
vn -0.6756 0.5774 -0.4585
vn -0.6756 -0.5774 -0.4585
vn -0.1330 -0.7071 -0.6945
vn 0.6945 -0.7071 -0.1330
vn 0.8274 -0.0000 0.5615
vn -0.8274 -0.0000 -0.5615
vn -0.5615 -0.0000 0.8274
vn 0.5615 -0.0000 -0.8274
vn -0.6945 0.7071 0.1330
vn 0.1330 0.7071 0.6945
vn -0.6945 -0.7071 0.1330
vn -0.1330 0.7071 -0.6945
vn 0.6945 0.7071 -0.1330
vn 0.1330 -0.7071 0.6945
vn -0.1880 -0.0000 -0.9822
vn -0.9822 -0.0000 0.1880
vn 0.1329 -0.7071 0.6945
vn -0.1329 0.7071 -0.6945
vn 0.1329 0.7071 0.6945
vn -0.1329 -0.7071 -0.6945
vt 0.515745 0.858744
vt 0.614242 0.779910
vt 0.979909 0.789103
vt 0.000652 0.281683
vt 0.486418 0.864561
vt 0.979909 0.779910
vt 0.880780 0.023794
vt 0.000652 0.555550
vt 0.486418 0.852927
vt 0.979909 0.787361
vt 0.979911 0.770718
vt 0.553596 0.281683
vt 0.525819 0.852927
vt 0.614242 0.787361
vt 0.943467 0.307640
vt 0.279730 0.281683
vt 0.551409 0.864561
vt 0.614242 0.789103
vt 0.614242 0.768976
vt 0.274519 0.281683
vt 0.525819 0.864561
vt 0.979909 0.796553
vt 0.949220 0.307640
vt 0.552368 0.559652
vt 0.541334 0.858744
vt 0.614242 0.796553
vt 0.870826 0.023794
vt 0.278502 0.559652
vt 0.450754 0.858744
vt 0.862759 0.419720
vt 0.890733 0.419719
vt 0.274519 0.833651
vt 0.551409 0.852927
vt 0.862760 0.023794
vt 0.614242 0.761526
vt 0.274519 0.559784
vt 0.460828 0.852927
vt 0.870826 0.419720
vt 0.892619 0.419721
vt 0.278502 0.833518
vt 0.476343 0.858744
vt 0.979911 0.778168
vt 0.872713 0.023794
vt 0.000652 0.274519
vt 0.528539 0.858744
vt 0.614242 0.778168
vt 0.614242 0.752333
vt 0.274519 0.274519
vt 0.538614 0.864561
vt 0.614242 0.770718
vt 0.910639 0.419719
vt 0.553596 0.555550
vt 0.425164 0.858744
vt 0.979909 0.805746
vt 0.979908 0.752333
vt 0.274519 0.000652
vt 0.473623 0.852927
vt 0.614242 0.805746
vt 0.872713 0.419720
vt 0.000652 0.000652
vt 0.463548 0.858744
vt 0.614242 0.798295
vt 0.979910 0.761526
vt 0.000652 0.559784
vt 0.435239 0.852927
vt 0.979909 0.798295
vt 0.890733 0.023794
vt 0.000652 0.833651
vt 0.448033 0.852927
vt 0.949220 0.025279
vt 0.892619 0.023794
vt 0.552368 0.833518
vt 0.448033 0.864561
vt 0.943467 0.025279
vt 0.910639 0.023794
vt 0.279730 0.555550
vt 0.435239 0.864561
vt 0.979908 0.759783
vt 0.882666 0.023794
vt 0.553596 0.274519
vt 0.538614 0.852927
vt 0.614242 0.759784
vt 0.902572 0.419719
vt 0.553596 0.000652
vt 0.460828 0.864561
vt 0.882666 0.419719
vt 0.900686 0.419721
vt 0.279730 0.274519
vt 0.473623 0.864561
vt 0.880780 0.419720
vt 0.979910 0.768976
vt 0.274519 0.555550
vt 0.437959 0.858744
vt 0.902572 0.023794
vt 0.900686 0.023794
vt 0.279730 0.000652
vt 0.897510 0.836218
vt 0.813268 0.332389
vt 0.518670 0.593347
vt 0.614242 0.836218
vt 0.897509 0.851455
vt 0.312737 0.593347
vt 0.614242 0.820982
vt 0.313441 0.035395
vt 0.829765 0.639097
vt 0.897510 0.897164
vt 0.313441 0.241887
vt 0.829765 0.332389
vt 0.811382 0.639097
vt 0.813268 0.639097
vt 0.518670 0.799279
vt 0.829765 0.330502
vt 0.747280 0.023794
vt 0.314429 0.316983
vt 0.829765 0.023794
vt 0.314429 0.521768
vt 0.811382 0.023794
vt 0.614242 0.866691
vt 0.240187 0.036090
vt 0.897510 0.881928
vt 0.761890 0.332389
vt 0.035297 0.036090
vt 0.614242 0.881927
vt 0.763777 0.330503
vt 0.519214 0.521768
vt 0.811382 0.330502
vt 0.763777 0.332389
vt 0.780274 0.330502
vt 0.034593 0.800290
vt 0.780274 0.023794
vt 0.897510 0.912400
vt 0.241933 0.800290
vt 0.897510 0.820982
vt 0.614242 0.927637
vt 0.519932 0.035395
vt 0.614242 0.912400
vt 0.846262 0.639097
vt 0.241933 0.592950
vt 0.763777 0.639097
vt 0.846262 0.332389
vt 0.034593 0.592950
vt 0.860873 0.023794
vt 0.761890 0.639097
vt 0.035297 0.240980
vt 0.860873 0.330502
vt 0.897510 0.866691
vt 0.240187 0.240980
vt 0.763777 0.023794
vt 0.747279 0.330503
vt 0.519214 0.316983
vt 0.614242 0.897164
vt 0.897509 0.927637
vt 0.519932 0.241887
vt 0.813268 0.330502
vt 0.034247 0.522870
vt 0.794885 0.639097
vt 0.730782 0.330503
vt 0.813268 0.023794
vt 0.241272 0.522870
vt 0.730782 0.332389
vt 0.034247 0.315845
vt 0.794885 0.332389
vt 0.811382 0.332389
vt 0.614242 0.851455
vt 0.312737 0.799279
vt 0.730782 0.639097
vt 0.730782 0.023794
vt 0.241272 0.315845
vt 0.778388 0.330503
vt 0.680057 0.457872
vt 0.611350 0.640443
vt 0.796771 0.330502
vt 0.308419 0.803601
vt 0.683282 0.455591
vt 0.614551 0.641227
vt 0.244601 0.803733
vt 0.896382 0.711563
vt 0.599216 0.455591
vt 0.614242 0.853197
vt 0.897510 0.868433
vt 0.891570 0.710385
vt 0.595990 0.457872
vt 0.844376 0.023794
vt 0.690280 0.457872
vt 0.680082 0.640444
vt 0.796771 0.023794
vt 0.308419 0.589569
vt 0.693506 0.455591
vt 0.683282 0.641227
vt 0.747279 0.332389
vt 0.614242 0.868433
vt 0.891532 0.435896
vt 0.685193 0.640444
vt 0.244601 0.589702
vt 0.896382 0.432467
vt 0.688394 0.641227
vt 0.846263 0.330502
vt 0.897510 0.853197
vt 0.590878 0.457872
vt 0.596015 0.640442
vt 0.030570 0.803733
vt 0.594104 0.455591
vt 0.599216 0.641225
vt 0.244601 0.030570
vt 0.698617 0.641227
vt 0.673059 0.455591
vt 0.614242 0.898906
vt 0.860873 0.639097
vt 0.695417 0.640444
vt 0.669833 0.457872
vt 0.030570 0.589702
vt 0.594104 0.641225
vt 0.688394 0.455591
vt 0.846262 0.023794
vt 0.747280 0.639097
vt 0.590903 0.640442
vt 0.685168 0.457872
vt 0.778388 0.639097
vt 0.860873 0.332389
vt 0.695392 0.457872
vt 0.606239 0.640443
vt 0.030570 0.030570
vt 0.698617 0.455591
vt 0.609439 0.641227
vt 0.522451 0.803601
vt 0.931325 0.426075
vt 0.614551 0.455591
vt 0.778388 0.023794
vt 0.761890 0.330503
vt 0.929042 0.425516
vt 0.611325 0.457872
vt 0.614242 0.883670
vt 0.897509 0.914142
vt 0.664721 0.457872
vt 0.932688 0.436806
vt 0.309647 0.525632
vt 0.667947 0.455591
vt 0.934970 0.437364
vt 0.897510 0.883670
vt 0.844376 0.332389
vt 0.883847 0.435896
vt 0.664747 0.640444
vt 0.309648 0.311601
vt 0.888696 0.432467
vt 0.667947 0.641227
vt 0.522451 0.589569
vt 0.693506 0.641227
vt 0.931325 0.293685
vt 0.844376 0.330502
vt 0.761890 0.023794
vt 0.690305 0.640444
vt 0.929024 0.295312
vt 0.523679 0.525632
vt 0.678171 0.641227
vt 0.934970 0.304975
vt 0.897510 0.807488
vt 0.614242 0.914142
vt 0.674970 0.640444
vt 0.932670 0.306602
vt 0.794885 0.023794
vt 0.897510 0.898906
vt 0.947112 0.310612
vt 0.669858 0.640444
vt 0.244601 0.244601
vt 0.949413 0.308986
vt 0.673059 0.641227
vt 0.030570 0.244601
vt 0.949413 0.441375
vt 0.609439 0.455591
vt 0.778388 0.332389
vt 0.794885 0.330502
vt 0.947130 0.440816
vt 0.606214 0.457872
vt 0.523679 0.311601
vt 0.888696 0.711563
vt 0.678171 0.455591
vt 0.614242 0.807488
vt 0.844376 0.639097
vt 0.883885 0.710385
vt 0.674945 0.457872
vt 0.309647 0.244601
vt 0.945767 0.441375
vt 0.904067 0.432467
vt 0.745393 0.332389
vt 0.943485 0.440816
vt 0.899218 0.435896
vt 0.780274 0.332389
vt 0.244601 0.311601
vt 0.588992 0.641227
vt 0.927679 0.293685
vt 0.796771 0.639097
vt 0.827879 0.639097
vt 0.585791 0.640443
vt 0.925379 0.295312
vt 0.523679 0.244601
vt 0.942122 0.437364
vt 0.945767 0.308986
vt 0.827879 0.330502
vt 0.939839 0.436806
vt 0.943467 0.310612
vt 0.780274 0.639097
vt 0.796771 0.332389
vt 0.614242 0.837960
vt 0.601102 0.457872
vt 0.925397 0.425516
vt 0.244601 0.525632
vt 0.604327 0.455591
vt 0.927679 0.426075
vt 0.745393 0.639097
vt 0.745393 0.023794
vt 0.918174 0.295312
vt 0.899255 0.710381
vt 0.309647 0.030570
vt 0.920474 0.293685
vt 0.904067 0.711559
vt 0.030570 0.311601
vt 0.911752 0.711561
vt 0.588992 0.455591
vt 0.897510 0.822724
vt 0.827879 0.332389
vt 0.906940 0.710383
vt 0.585766 0.457872
vt 0.745393 0.330503
vt 0.827879 0.023794
vt 0.939821 0.306602
vt 0.918192 0.425516
vt 0.523679 0.030570
vt 0.942122 0.304975
vt 0.920474 0.426075
vt 0.614242 0.822724
vt 0.897509 0.837960
vt 0.906903 0.435896
vt 0.601127 0.640443
vt 0.030570 0.525632
vt 0.911752 0.432467
vt 0.604327 0.641226
s 0
usemtl Crate
f 825/2897/332 830/2914/332 808/2842/332 809/2845/332
f 846/2970/333 831/2918/333 807/2839/333 803/2827/333
f 826/2901/334 819/2876/334 776/2732/334 785/2768/334
f 856/3006/335 851/2988/335 773/2720/335 791/2792/335
f 778/2737/336 790/2785/336 776/2729/336
f 773/2717/337 775/2725/337 777/2733/337
f 785/2765/338 788/2777/338 782/2753/338
f 784/2761/339 783/2757/339 791/2789/339
f 786/2769/340 787/2773/340 792/2793/340
f 772/2713/341 774/2721/341 769/2701/341
f 781/2749/342 780/2745/342 789/2781/342
f 770/2705/343 779/2741/343 771/2709/343
f 769/2702/344 770/2706/344 771/2710/344 772/2714/344
f 773/2718/345 769/2703/345 774/2722/345 775/2726/345
f 776/2730/346 777/2734/346 775/2727/346 778/2738/346
f 779/2742/347 780/2746/347 781/2750/347 771/2711/347
f 782/2754/348 783/2758/348 784/2762/348 785/2766/348
f 786/2770/349 774/2723/349 772/2715/349 787/2774/349
f 788/2778/350 789/2782/350 780/2747/350 782/2755/350
f 790/2786/351 788/2779/351 785/2767/351 776/2731/351
f 770/2707/352 791/2790/352 783/2759/352 779/2743/352
f 789/2783/353 792/2794/353 787/2775/353 781/2751/353
f 792/2795/354 790/2787/354 778/2739/354 786/2771/354
f 791/2791/355 773/2719/355 777/2735/355 784/2763/355
f 843/2960/334 846/2971/334 803/2828/334 804/2830/334
f 863/3030/334 860/3019/334 793/2797/334 794/2800/334
f 841/2953/356 847/2974/356 771/2712/356 781/2752/356
f 852/2991/356 855/3002/356 815/2863/356 797/2809/356
f 824/2894/334 829/2911/334 784/2764/334 777/2736/334
f 820/2879/335 825/2898/335 809/2846/335 800/2818/335
f 834/2928/335 817/2869/335 802/2824/335 810/2848/335
f 848/2977/332 842/2956/332 805/2833/332 795/2803/332
f 828/2907/335 843/2961/335 804/2831/335 806/2836/335
f 827/2904/357 832/2922/357 783/2760/357 782/2756/357
f 835/2932/357 837/2939/357 796/2806/357 811/2851/357
f 842/2957/335 835/2933/335 811/2852/335 805/2834/335
f 855/3003/332 863/3031/332 794/2801/332 815/2864/332
f 831/2919/356 828/2908/356 806/2837/356 807/2840/356
f 850/2984/357 857/3009/357 816/2866/357 814/2860/357
f 821/2883/333 840/2949/333 798/2812/333 799/2815/333
f 857/3010/334 861/3023/334 813/2857/334 816/2867/334
f 840/2950/334 834/2929/334 810/2849/334 798/2813/334
f 859/3016/335 864/3034/335 770/2708/335 769/2704/335
f 838/2943/356 836/2936/356 787/2776/356 772/2716/356
f 860/3020/357 852/2992/357 797/2810/357 793/2798/357
f 822/2887/332 818/2873/332 778/2740/332 775/2728/332
f 861/3024/332 854/2998/332 812/2854/332 813/2858/332
f 830/2915/333 823/2890/333 801/2821/333 808/2843/333
f 793/2799/335 797/2811/335 815/2865/335 794/2802/335
f 795/2804/356 805/2835/356 811/2853/356 796/2807/356
f 807/2841/357 806/2838/357 804/2832/357 803/2829/357
f 814/2861/333 816/2868/333 813/2859/333 812/2855/333
f 801/2822/334 800/2819/334 809/2847/334 808/2844/334
f 798/2814/332 810/2850/332 802/2825/332 799/2816/332
f 847/2974/356 838/2943/356 772/2716/356 771/2712/356
f 864/3034/335 856/3006/335 791/2792/335 770/2708/335
f 829/2911/334 826/2901/334 785/2768/334 784/2764/334
f 851/2988/335 859/3016/335 769/2704/335 773/2720/335
f 832/2922/357 845/2967/357 779/2744/357 783/2760/357
f 833/2925/332 839/2946/332 774/2724/332 786/2772/332
f 839/2946/332 822/2887/332 775/2728/332 774/2724/332
f 862/3027/333 858/3013/333 792/2796/333 789/2784/333
f 836/2936/356 841/2953/356 781/2752/356 787/2776/356
f 819/2876/334 824/2894/334 777/2736/334 776/2732/334
f 837/2940/333 848/2978/333 795/2805/333 796/2808/333
f 853/2995/333 862/3027/333 789/2784/333 788/2780/333
f 818/2873/332 833/2925/332 786/2772/332 778/2740/332
f 858/3013/333 849/2981/333 790/2788/333 792/2796/333
f 844/2964/357 827/2904/357 782/2756/357 780/2748/357
f 845/2967/357 844/2964/357 780/2748/357 779/2744/357
f 823/2891/357 820/2880/357 800/2820/357 801/2823/357
f 849/2981/333 853/2995/333 788/2780/333 790/2788/333
f 848/2979/353 837/2941/353 838/2944/353 847/2975/353
f 840/2951/354 821/2884/354 822/2888/354 839/2947/354
f 820/2881/348 823/2892/348 824/2895/348 819/2877/348
f 821/2885/349 817/2870/349 818/2874/349 822/2889/349
f 846/2972/348 843/2962/348 844/2965/348 845/2968/348
f 842/2958/349 848/2980/349 847/2976/349 841/2954/349
f 828/2909/347 831/2920/347 832/2923/347 827/2905/347
f 830/2916/346 825/2899/346 826/2902/346 829/2912/346
f 834/2930/346 840/2952/346 839/2948/346 833/2926/346
f 837/2942/347 835/2934/347 836/2937/347 838/2945/347
f 843/2963/352 828/2910/352 827/2906/352 844/2966/352
f 825/2900/355 820/2882/355 819/2878/355 826/2903/355
f 831/2921/350 846/2973/350 845/2969/350 832/2924/350
f 835/2935/344 842/2959/344 841/2955/344 836/2938/344
f 817/2871/345 834/2931/345 833/2927/345 818/2875/345
f 823/2893/351 830/2917/351 829/2913/351 824/2896/351
f 817/2872/356 821/2886/356 799/2817/356 802/2826/356
f 860/3021/358 863/3032/358 864/3035/358 859/3017/358
f 852/2993/352 860/3022/352 859/3018/352 851/2989/352
f 854/2999/354 861/3025/354 862/3028/354 853/2996/354
f 850/2985/359 854/3000/359 853/2997/359 849/2982/359
f 863/3033/345 855/3004/345 856/3007/345 864/3036/345
f 861/3026/360 857/3011/360 858/3014/360 862/3029/360
f 857/3012/350 850/2986/350 849/2983/350 858/3015/350
f 855/3005/361 852/2994/361 851/2990/361 856/3008/361
f 854/3001/356 850/2987/356 814/2862/356 812/2856/356
o Plank.006
v 0.836952 1.685278 0.409664
v 0.841863 1.690278 0.408724
v 0.837892 1.690278 0.414575
v 0.625534 2.809722 -0.694726
v 0.626474 2.814722 -0.689815
v 0.631385 2.809722 -0.690755
v 0.789958 1.690278 0.423751
v 0.784107 1.690278 0.419781
v 0.789018 1.685278 0.418840
v 0.578540 2.814722 -0.680639
v 0.577600 2.809722 -0.685549
v 0.573629 2.809722 -0.679698
v 0.837892 1.786344 0.414575
v 0.841863 1.789273 0.408724
v 0.837228 1.794879 0.411103
v 0.649998 2.809722 -0.593526
v 0.644536 2.814722 -0.595462
v 0.646141 2.811187 -0.587079
v 0.693750 2.303033 -0.078812
v 0.688175 2.299498 -0.081344
v 0.596602 2.814722 -0.586286
v 0.592242 2.809722 -0.582469
v 0.598207 2.811187 -0.577903
v 0.789958 1.786344 0.423751
v 0.789293 1.794879 0.420279
v 0.784107 1.789273 0.419781
v 0.673808 2.196967 -0.182986
v 0.669562 2.200502 -0.178574
v 0.573629 2.710727 -0.679698
v 0.577600 2.713656 -0.685549
v 0.578264 2.705121 -0.682077
v 0.765494 1.690278 0.322551
v 0.769351 1.688813 0.316104
v 0.770956 1.685278 0.324488
v 0.818890 1.685278 0.315311
v 0.817285 1.688813 0.306928
v 0.823250 1.690278 0.311495
v 0.625534 2.713656 -0.694726
v 0.631385 2.710727 -0.690755
v 0.626198 2.705121 -0.691253
v -0.626474 1.685278 0.689815
v -0.631385 1.690278 0.690755
v -0.625534 1.690278 0.694726
v -0.837892 2.809722 -0.414575
v -0.836952 2.814722 -0.409664
v -0.841863 2.809722 -0.408724
v -0.577600 1.690278 0.685549
v -0.573629 1.690278 0.679698
v -0.578540 1.685278 0.680639
v -0.789018 2.814722 -0.418840
v -0.789958 2.809722 -0.423751
v -0.784107 2.809722 -0.419781
v -0.625534 1.786344 0.694726
v -0.631385 1.789273 0.690755
v -0.626198 1.794879 0.691253
v -0.823250 2.809722 -0.311495
v -0.818890 2.814722 -0.315311
v -0.817285 2.811187 -0.306928
v -0.673808 2.303033 0.182986
v -0.669562 2.299498 0.178574
v -0.770956 2.814722 -0.324488
v -0.765494 2.809722 -0.322551
v -0.769351 2.811187 -0.316104
v -0.577600 1.786344 0.685549
v -0.578264 1.794879 0.682077
v -0.573629 1.789273 0.679698
v -0.693750 2.196967 0.078812
v -0.688175 2.200502 0.081344
v -0.784107 2.710727 -0.419781
v -0.789958 2.713656 -0.423751
v -0.789293 2.705121 -0.420279
v -0.592242 1.690278 0.582469
v -0.598207 1.688813 0.577903
v -0.596602 1.685278 0.586286
v -0.644536 1.685278 0.595462
v -0.646141 1.688813 0.587079
v -0.649998 1.690278 0.593526
v -0.837892 2.713656 -0.414575
v -0.841863 2.710727 -0.408724
v -0.837228 2.705121 -0.411103
vn -0.1330 -0.7071 -0.6945
vn -0.0000 -1.0000 -0.0000
vn 0.1330 0.7071 0.6945
vn -0.0000 1.0000 -0.0000
vn 0.9822 -0.0000 -0.1880
vn -0.1880 -0.0000 -0.9822
vn 0.6756 -0.5774 0.4585
vn 0.4585 0.5774 -0.6756
vn -0.4585 -0.5774 0.6756
vn -0.6756 0.5774 -0.4585
vn 0.7054 0.3135 0.6357
vn 0.6220 0.7570 0.2002
vn -0.5041 0.7570 0.4158
vn -0.4207 0.3135 0.8513
vn -0.7054 -0.3135 -0.6357
vn -0.6220 -0.7570 -0.2002
vn 0.5041 -0.7570 -0.4157
vn 0.4207 -0.3135 -0.8513
vn 0.1330 -0.7071 0.6945
vn -0.1330 0.7071 -0.6945
vn 0.8274 -0.0000 0.5615
vn 0.7885 0.5000 0.3581
vn 0.0720 0.9239 0.3759
vn 0.1737 0.3827 0.9074
vn -0.7885 -0.5000 -0.3581
vn -0.0720 -0.9239 -0.3759
vn -0.1737 -0.3827 -0.9074
vn -0.6005 0.5000 0.6240
vn 0.6005 -0.5000 -0.6240
vn -0.6945 -0.7071 0.1330
vn 0.6945 0.7071 -0.1330
vn 0.5615 -0.0000 -0.8274
vn -0.8274 -0.0000 -0.5615
vn -0.5615 -0.0000 0.8274
vn -0.6945 0.7071 0.1330
vn 0.6945 -0.7071 -0.1330
vn 0.1880 -0.0000 0.9822
vn -0.9822 -0.0000 0.1880
vn -0.5041 0.7570 0.4157
vn 0.5041 -0.7570 -0.4158
vt 0.059125 0.852928
vt 0.458151 0.891882
vt 0.541319 0.886394
vt 0.581960 0.511243
vt 0.599800 0.453705
vt 0.455753 0.890498
vt 0.950629 0.126519
vt 0.583880 0.511243
vt 0.458151 0.889113
vt 0.538550 0.886394
vt 0.951998 0.126519
vt 0.362063 0.852928
vt 0.211954 0.890549
vt 0.951944 0.321103
vt 0.662835 0.513129
vt 0.951998 0.208588
vt 0.277452 0.852927
vt 0.951944 0.322472
vt 0.660915 0.513129
vt 0.403207 0.891695
vt 0.599800 0.023794
vt 0.950758 0.321788
vt 0.405976 0.891695
vt 0.950629 0.208588
vt 0.951944 0.327902
vt 0.538550 0.867281
vt 0.414186 0.891695
vt 0.342951 0.852928
vt 0.950758 0.327217
vt 0.951998 0.066313
vt 0.416955 0.891695
vt 0.078237 0.852927
vt 0.951944 0.326532
vt 0.541319 0.867281
vt 0.950629 0.066313
vt 0.296565 0.852927
vt 0.447915 0.891882
vt 0.660915 0.526382
vt 0.950629 0.168899
vt 0.231067 0.890549
vt 0.445517 0.890498
vt 0.662835 0.526382
vt 0.370273 0.891695
vt 0.447915 0.889113
vt 0.373042 0.891695
vt 0.951998 0.168899
vt 0.979911 0.975491
vt 0.951998 0.107914
vt 0.437959 0.867281
vt 0.362063 0.890549
vt 0.618809 0.434696
vt 0.978752 0.977022
vt 0.950629 0.107347
vt 0.647682 0.455591
vt 0.728896 0.023794
vt 0.977593 0.975491
vt 0.644053 0.457094
vt 0.441577 0.867281
vt 0.618809 0.042803
vt 0.511557 0.888585
vt 0.647682 0.663974
vt 0.405976 0.852927
vt 0.277452 0.890548
vt 0.511557 0.891582
vt 0.492756 0.852927
vt 0.403207 0.854075
vt 0.728896 0.414097
vt 0.508673 0.889398
vt 0.644071 0.663583
vt 0.489138 0.852927
vt 0.715643 0.218946
vt 0.700504 0.563437
vt 0.703059 0.563439
vt 0.296565 0.890548
vt 0.951940 0.310775
vt 0.492756 0.872040
vt 0.950629 0.187503
vt 0.950758 0.309880
vt 0.704062 0.415982
vt 0.951998 0.188071
vt 0.715643 0.414097
vt 0.951940 0.308986
vt 0.489138 0.872040
vt 0.701491 0.417026
vt 0.937742 0.326974
vt 0.437959 0.886394
vt 0.414186 0.854075
vt 0.342951 0.890549
vt 0.715643 0.023794
vt 0.936315 0.325894
vt 0.441577 0.886394
vt 0.701502 0.709855
vt 0.937742 0.325492
vt 0.704062 0.710449
vt 0.416955 0.852927
vt 0.942122 0.164454
vt 0.705948 0.563434
vt 0.708503 0.563436
vt 0.950629 0.304878
vt 0.709506 0.710444
vt 0.373042 0.852927
vt 0.231067 0.852927
vt 0.951811 0.303983
vt 0.496730 0.872040
vt 0.370273 0.854074
vt 0.942122 0.303630
vt 0.951811 0.305772
vt 0.706947 0.709849
vt 0.500348 0.872040
vt 0.505953 0.888585
vt 0.709506 0.415982
vt 0.951998 0.085485
vt 0.942122 0.025279
vt 0.505953 0.891582
vt 0.706936 0.417026
vt 0.470005 0.886394
vt 0.078237 0.890549
vt 0.503068 0.889398
vt 0.473623 0.886394
vt 0.950629 0.084918
vt 0.059125 0.890549
vt 0.492023 0.889192
vt 0.473623 0.867281
vt 0.581960 0.485155
vt 0.932670 0.025279
vt 0.489138 0.887008
vt 0.470005 0.867281
vt 0.649586 0.663583
vt 0.580791 0.434696
vt 0.492023 0.886194
vt 0.653198 0.663974
vt 0.583880 0.484360
vt 0.211954 0.852927
vt 0.951940 0.313909
vt 0.496730 0.852927
vt 0.951998 0.189983
vt 0.580791 0.042803
vt 0.950758 0.313015
vt 0.653198 0.455591
vt 0.950629 0.189416
vt 0.932670 0.303630
vt 0.951940 0.312120
vt 0.500348 0.852927
vt 0.649568 0.457094
vt 0.209234 0.852927
vt 0.533432 0.890498
vt 0.486418 0.867281
vt 0.408697 0.852927
vt 0.966900 0.025279
vt 0.535830 0.891882
vt 0.923189 0.312857
vt 0.411466 0.852927
vt 0.535830 0.889113
vt 0.483649 0.867281
vt 0.921819 0.312857
vt 0.168289 0.852927
vt 0.274732 0.890549
vt 0.463269 0.891882
vt 0.533061 0.867281
vt 0.950629 0.229104
vt 0.252900 0.852928
vt 0.463269 0.889113
vt 0.535830 0.867281
vt 0.378531 0.891695
vt 0.966900 0.331877
vt 0.460871 0.890498
vt 0.375762 0.891695
vt 0.951998 0.229104
vt 0.951944 0.318388
vt 0.483649 0.886393
vt 0.951998 0.290655
vt 0.187401 0.852927
vt 0.950758 0.319073
vt 0.937685 0.324147
vt 0.950629 0.290655
vt 0.190121 0.852928
vt 0.951944 0.319758
vt 0.486418 0.886393
vt 0.936315 0.324147
vt 0.233787 0.852928
vt 0.468387 0.891882
vt 0.535830 0.886393
vt 0.364783 0.891695
vt 0.255620 0.890549
vt 0.468387 0.889113
vt 0.533061 0.886393
vt 0.662835 0.482474
vt 0.465989 0.890498
vt 0.660915 0.482474
vt 0.367553 0.891695
vt 0.978992 0.970477
vt 0.921819 0.294252
vt 0.454253 0.867281
vt 0.168289 0.890549
vt 0.980457 0.038835
vt 0.979513 0.968629
vt 0.923189 0.293685
vt 0.631126 0.663449
vt 0.614242 0.941619
vt 0.977593 0.968629
vt 0.627506 0.662998
vt 0.450635 0.867281
vt 0.980457 0.318321
vt 0.497628 0.874760
vt 0.631126 0.455591
vt 0.375762 0.852927
vt 0.252900 0.890549
vt 0.494743 0.875574
vt 0.476343 0.867281
vt 0.378531 0.854074
vt 0.974714 0.941619
vt 0.497628 0.877757
vt 0.627487 0.457045
vt 0.479961 0.867281
vt 0.794478 0.929379
vt 0.868204 0.569059
vt 0.870759 0.569061
vt 0.233787 0.890549
vt 0.497628 0.883474
vt 0.476343 0.886393
vt 0.364783 0.854074
vt 0.497628 0.880477
vt 0.871762 0.716069
vt 0.367553 0.852927
vt 0.974714 0.929379
vt 0.494743 0.881290
vt 0.479961 0.886393
vt 0.869202 0.715475
vt 0.951940 0.317043
vt 0.454253 0.886394
vt 0.951998 0.272051
vt 0.187401 0.890549
vt 0.614242 0.929379
vt 0.951940 0.315254
vt 0.450635 0.886394
vt 0.869192 0.422651
vt 0.950758 0.316149
vt 0.871762 0.421606
vt 0.950629 0.271483
vt 0.794479 0.955602
vt 0.719893 0.563436
vt 0.722449 0.563438
vt 0.505953 0.880147
vt 0.723452 0.415983
vt 0.660915 0.455591
vt 0.255620 0.852928
vt 0.505953 0.877150
vt 0.583880 0.526382
vt 0.662835 0.456387
vt 0.974715 0.955602
vt 0.503068 0.879333
vt 0.720881 0.417027
vt 0.581371 0.526382
vt 0.923609 0.326482
vt 0.723452 0.710446
vt 0.937685 0.304975
vt 0.614242 0.955602
vt 0.923609 0.324999
vt 0.720892 0.709851
vt 0.923609 0.323654
vt 0.190121 0.890549
vt 0.922182 0.326079
vt 0.921819 0.323654
vt 0.936315 0.305542
vt 0.209234 0.890549
vt 0.519363 0.889113
vt 0.921819 0.314202
vt 0.408697 0.890548
vt 0.614242 0.943361
vt 0.516478 0.891297
vt 0.923609 0.314202
vt 0.633012 0.457045
vt 0.953344 0.038835
vt 0.519363 0.892110
vt 0.636651 0.455591
vt 0.411466 0.891695
vt 0.274732 0.852928
vt 0.660835 0.529782
vt 0.583880 0.513129
vt 0.950629 0.210500
vt 0.953344 0.318321
vt 0.662835 0.530346
vt 0.636651 0.663448
vt 0.951998 0.209933
vt 0.974715 0.943361
vt 0.662835 0.528268
vt 0.581371 0.513129
vt 0.633031 0.662997
s 0
usemtl Crate
f 897/3149/362 891/3132/362 895/3142/362 904/3177/362 900/3161/362
f 865/3037/363 873/3068/363 898/3153/363 899/3157/363
f 879/3091/364 882/3103/364 887/3117/364 883/3107/364 889/3125/364
f 869/3053/365 874/3072/365 885/3110/365 881/3099/365
f 880/3095/366 878/3087/366 866/3041/366 901/3165/366 903/3173/366 870/3057/366
f 894/3138/367 875/3076/367 868/3049/367 902/3169/367
f 865/3038/368 866/3042/368 867/3045/368
f 868/3050/369 869/3054/369 870/3058/369
f 871/3061/370 872/3065/370 873/3069/370
f 874/3073/371 875/3077/371 876/3080/371
f 877/3083/372 878/3088/372 879/3092/372
f 880/3096/373 881/3100/373 882/3104/373
f 885/3111/374 886/3114/374 887/3118/374
f 888/3121/375 889/3126/375 890/3129/375
f 893/3135/376 894/3139/376 895/3143/376
f 896/3146/377 897/3150/377 898/3154/377
f 899/3158/378 900/3162/378 901/3166/378
f 902/3170/379 903/3174/379 904/3178/379
f 867/3046/380 871/3062/380 873/3070/380 865/3039/380
f 868/3051/381 875/3078/381 874/3074/381 869/3055/381
f 866/3043/382 878/3089/382 877/3084/382 867/3047/382
f 878/3090/383 880/3097/383 882/3105/383 879/3093/383
f 881/3101/384 885/3112/384 887/3119/384 882/3106/384
f 879/3094/385 889/3127/385 888/3122/385 877/3085/385
f 892/3134/386 893/3136/386 895/3144/386 891/3133/386
f 891/3133/386 897/3151/386 896/3147/386 892/3134/386
f 897/3152/387 900/3163/387 899/3159/387 898/3155/387
f 894/3140/388 902/3171/388 904/3179/388 895/3145/388
f 883/3108/389 887/3120/389 886/3115/389 884/3109/389
f 884/3109/389 890/3130/389 889/3128/389 883/3108/389
f 900/3164/390 904/3180/390 903/3175/390 901/3167/390
f 872/3066/391 896/3148/391 898/3156/391 873/3071/391
f 869/3056/392 881/3102/392 880/3098/392 870/3059/392
f 870/3060/393 903/3176/393 902/3172/393 868/3052/393
f 875/3079/394 894/3141/394 893/3137/394 876/3081/394
f 871/3063/395 888/3123/395 890/3131/395 872/3067/395
f 876/3082/396 886/3116/396 885/3113/396 874/3075/396
f 865/3040/397 899/3160/397 901/3168/397 866/3044/397
f 871/3064/398 867/3048/398 877/3086/398 888/3124/398
f 937/3293/362 940/3305/362 944/3321/362 935/3286/362 931/3276/362
f 905/3181/363 939/3301/363 938/3297/363 913/3212/363
f 919/3235/364 929/3269/364 923/3251/364 927/3261/364 922/3247/364
f 909/3197/365 921/3243/365 925/3254/365 914/3216/365
f 920/3239/399 910/3201/399 943/3317/399 941/3309/399 906/3185/399 918/3231/399
f 934/3282/367 942/3313/367 908/3193/367 915/3220/367
f 905/3182/370 907/3189/370 906/3186/370
f 908/3194/371 910/3202/371 909/3198/371
f 911/3205/368 913/3213/368 912/3209/368
f 914/3217/369 916/3224/369 915/3221/369
f 917/3227/375 919/3236/375 918/3232/375
f 920/3240/400 922/3248/400 921/3244/400
f 925/3255/373 927/3262/373 926/3258/373
f 928/3265/372 930/3273/372 929/3270/372
f 933/3279/379 935/3287/379 934/3283/379
f 936/3290/401 938/3298/401 937/3294/401
f 939/3302/377 941/3310/377 940/3306/377
f 942/3314/376 944/3322/376 943/3318/376
f 907/3190/380 905/3183/380 913/3214/380 911/3206/380
f 908/3195/381 909/3199/381 914/3218/381 915/3222/381
f 906/3187/395 907/3191/395 917/3228/395 918/3233/395
f 918/3234/389 919/3237/389 922/3249/389 920/3241/389
f 921/3245/384 922/3250/384 927/3263/384 925/3256/384
f 919/3238/385 917/3229/385 928/3266/385 929/3271/385
f 932/3278/390 931/3277/390 935/3288/390 933/3280/390
f 931/3277/390 932/3278/390 936/3291/390 937/3295/390
f 937/3296/387 938/3299/387 939/3303/387 940/3307/387
f 934/3284/388 935/3289/388 944/3323/388 942/3315/388
f 923/3252/383 924/3253/383 926/3259/383 927/3264/383
f 924/3253/383 923/3252/383 929/3272/383 930/3274/383
f 940/3308/386 941/3311/386 943/3319/386 944/3324/386
f 912/3210/397 913/3215/397 938/3300/397 936/3292/397
f 909/3200/396 910/3203/396 920/3242/396 921/3246/396
f 910/3204/394 908/3196/394 942/3316/394 943/3320/394
f 915/3223/393 916/3225/393 933/3281/393 934/3285/393
f 911/3207/382 912/3211/382 930/3275/382 928/3267/382
f 916/3226/392 914/3219/392 925/3257/392 926/3260/392
f 905/3184/391 906/3188/391 941/3312/391 939/3304/391
f 911/3208/398 928/3268/398 917/3230/398 907/3192/398
o Plank.007
v 0.409662 1.685278 -0.836952
v 0.408722 1.690278 -0.841863
v 0.414573 1.690278 -0.837892
v -0.694723 2.809722 -0.625534
v -0.689813 2.814722 -0.626474
v -0.690753 2.809722 -0.631385
v 0.423749 1.690278 -0.789958
v 0.419778 1.690278 -0.784107
v 0.418838 1.685278 -0.789018
v -0.680636 2.814722 -0.578540
v -0.685547 2.809722 -0.577600
v -0.679696 2.809722 -0.573629
v 0.414573 1.786344 -0.837892
v 0.408722 1.789273 -0.841863
v 0.411100 1.794879 -0.837227
v -0.593524 2.809722 -0.649998
v -0.595460 2.814722 -0.644536
v -0.587077 2.811187 -0.646141
v -0.078812 2.303033 -0.693750
v -0.081344 2.299498 -0.688175
v -0.586284 2.814722 -0.596602
v -0.582467 2.809722 -0.592242
v -0.577901 2.811187 -0.598207
v 0.423749 1.786344 -0.789958
v 0.420277 1.794879 -0.789293
v 0.419778 1.789273 -0.784107
v -0.182986 2.196967 -0.673808
v -0.178574 2.200502 -0.669562
v -0.679696 2.710727 -0.573629
v -0.685547 2.713656 -0.577600
v -0.682075 2.705121 -0.578265
v 0.322549 1.690278 -0.765494
v 0.316103 1.688813 -0.769351
v 0.324486 1.685278 -0.770955
v 0.315310 1.685278 -0.818890
v 0.306926 1.688813 -0.817285
v 0.311493 1.690278 -0.823250
v -0.694723 2.713656 -0.625534
v -0.690753 2.710727 -0.631385
v -0.691251 2.705121 -0.626199
v 0.689813 1.685278 0.626474
v 0.690753 1.690278 0.631385
v 0.694723 1.690278 0.625534
v -0.414573 2.809722 0.837892
v -0.409662 2.814722 0.836952
v -0.408722 2.809722 0.841863
v 0.685547 1.690278 0.577600
v 0.679696 1.690278 0.573629
v 0.680636 1.685278 0.578540
v -0.418838 2.814722 0.789018
v -0.423749 2.809722 0.789958
v -0.419778 2.809722 0.784107
v 0.694723 1.786344 0.625534
v 0.690753 1.789273 0.631385
v 0.691251 1.794879 0.626199
v -0.311493 2.809722 0.823250
v -0.315310 2.814722 0.818889
v -0.306926 2.811187 0.817285
v 0.182986 2.303033 0.673808
v 0.178573 2.299498 0.669562
v -0.324486 2.814722 0.770955
v -0.322549 2.809722 0.765494
v -0.316103 2.811187 0.769351
v 0.685547 1.786344 0.577600
v 0.682075 1.794879 0.578265
v 0.679696 1.789273 0.573629
v 0.078812 2.196967 0.693750
v 0.081344 2.200502 0.688175
v -0.419778 2.710727 0.784107
v -0.423749 2.713656 0.789958
v -0.420277 2.705121 0.789293
v 0.582467 1.690278 0.592242
v 0.577901 1.688813 0.598207
v 0.586284 1.685278 0.596602
v 0.595460 1.685278 0.644536
v 0.587077 1.688813 0.646141
v 0.593524 1.690278 0.649998
v -0.414573 2.713656 0.837892
v -0.408722 2.710727 0.841863
v -0.411100 2.705121 0.837227
vn -0.6945 -0.7071 0.1330
vn -0.0000 -1.0000 -0.0000
vn 0.6945 0.7071 -0.1330
vn -0.0000 1.0000 -0.0000
vn -0.1880 -0.0000 -0.9822
vn -0.9822 -0.0000 0.1880
vn 0.4585 -0.5773 -0.6756
vn -0.6756 0.5773 -0.4585
vn 0.6756 -0.5773 0.4585
vn -0.4585 0.5773 0.6756
vn 0.6357 0.3135 -0.7054
vn 0.2002 0.7570 -0.6220
vn 0.4158 0.7570 0.5041
vn 0.8513 0.3135 0.4207
vn -0.6357 -0.3135 0.7054
vn -0.2002 -0.7570 0.6220
vn -0.4157 -0.7570 -0.5041
vn -0.8513 -0.3135 -0.4207
vn 0.6945 -0.7071 -0.1330
vn -0.6945 0.7071 0.1330
vn 0.5615 -0.0000 -0.8274
vn 0.3581 0.5000 -0.7885
vn 0.3759 0.9239 -0.0720
vn 0.9074 0.3827 -0.1737
vn -0.3581 -0.5000 0.7885
vn -0.3759 -0.9239 0.0720
vn -0.9074 -0.3827 0.1737
vn 0.6240 0.5000 0.6005
vn -0.6240 -0.5000 -0.6005
vn 0.1330 -0.7071 0.6945
vn -0.1330 0.7071 -0.6945
vn -0.8274 -0.0000 -0.5615
vn -0.5615 -0.0000 0.8274
vn 0.8274 -0.0000 0.5615
vn 0.1330 0.7071 0.6945
vn -0.1330 -0.7071 -0.6945
vn 0.9822 -0.0000 -0.1880
vn 0.1880 -0.0000 0.9822
vn 0.8513 0.3136 0.4207
vn 0.6357 0.3136 -0.7054
vn -0.8513 -0.3135 -0.4208
vn -0.4158 -0.7570 -0.5041
vt 0.034523 0.852928
vt 0.543668 0.890498
vt 0.951998 0.302638
vt 0.950629 0.249622
vt 0.639704 0.453705
vt 0.546066 0.889113
vt 0.950629 0.147036
vt 0.951998 0.249622
vt 0.546066 0.891882
vt 0.950629 0.302638
vt 0.951998 0.147036
vt 0.009921 0.891695
vt 0.124623 0.890548
vt 0.540948 0.891882
vt 0.530341 0.867281
vt 0.951998 0.106002
vt 0.299285 0.852927
vt 0.538550 0.890498
vt 0.527572 0.867281
vt 0.392229 0.891695
vt 0.639704 0.023794
vt 0.540948 0.889113
vt 0.394998 0.891695
vt 0.950629 0.106002
vt 0.950629 0.293186
vt 0.029034 0.891695
vt 0.951314 0.292000
vt 0.056405 0.852928
vt 0.031803 0.891695
vt 0.951998 0.293186
vt 0.053635 0.852928
vt 0.318398 0.852927
vt 0.951944 0.325187
vt 0.527572 0.886394
vt 0.951998 0.064968
vt 0.143736 0.890548
vt 0.950758 0.324502
vt 0.530341 0.886394
vt 0.419675 0.891696
vt 0.951944 0.323818
vt 0.422444 0.891696
vt 0.950629 0.064968
vt 0.979910 0.972219
vt 0.951998 0.128432
vt 0.513024 0.874430
vt 0.009921 0.854075
vt 0.658713 0.434696
vt 0.978752 0.973749
vt 0.950629 0.127864
vt 0.658713 0.455591
vt 0.919985 0.291862
vt 0.977593 0.972219
vt 0.655084 0.457094
vt 0.509406 0.874430
vt 0.658713 0.042803
vt 0.505953 0.882867
vt 0.658713 0.663973
vt 0.394998 0.852927
vt 0.299285 0.890549
vt 0.505953 0.885865
vt 0.460828 0.867281
vt 0.392229 0.854074
vt 0.918174 0.026281
vt 0.503068 0.883681
vt 0.655102 0.663581
vt 0.457211 0.867281
vt 0.928098 0.159010
vt 0.930415 0.159012
vt 0.318398 0.890549
vt 0.978115 0.966887
vt 0.460828 0.886394
vt 0.951998 0.046363
vt 0.977593 0.965040
vt 0.931325 0.025279
vt 0.950629 0.045796
vt 0.927192 0.026220
vt 0.979513 0.965040
vt 0.457211 0.886394
vt 0.928994 0.026226
vt 0.513024 0.855317
vt 0.029034 0.854075
vt 0.509406 0.855317
vt 0.929003 0.291801
vt 0.511215 0.852927
vt 0.931325 0.292340
vt 0.031803 0.852927
vt 0.794479 0.971326
vt 0.714449 0.563435
vt 0.717005 0.563437
vt 0.497628 0.889192
vt 0.718007 0.710444
vt 0.422444 0.852927
vt 0.143736 0.852927
vt 0.494743 0.888378
vt 0.435239 0.867281
vt 0.419675 0.854074
vt 0.974716 0.971326
vt 0.497628 0.886194
vt 0.715448 0.709849
vt 0.431621 0.867281
vt 0.504877 0.852927
vt 0.718007 0.415983
vt 0.056405 0.891695
vt 0.614242 0.971326
vt 0.715437 0.417027
vt 0.506686 0.855317
vt 0.503068 0.855317
vt 0.053635 0.890549
vt 0.034523 0.890549
vt 0.509406 0.879334
vt 0.503068 0.874430
vt 0.950629 0.231017
vt 0.614242 0.983567
vt 0.512291 0.877150
vt 0.506686 0.874430
vt 0.638555 0.663581
vt 0.620695 0.434696
vt 0.512291 0.880147
vt 0.642167 0.663973
vt 0.951998 0.230449
vt 0.124623 0.852927
vt 0.581371 0.532797
vt 0.435239 0.886394
vt 0.951998 0.087397
vt 0.620695 0.042803
vt 0.583372 0.532233
vt 0.642167 0.455591
vt 0.950629 0.086830
vt 0.974716 0.983567
vt 0.583372 0.534311
vt 0.431621 0.886394
vt 0.638537 0.457094
vt 0.100070 0.852927
vt 0.471107 0.890498
vt 0.524852 0.867281
vt 0.662835 0.511243
vt 0.679608 0.023794
vt 0.473505 0.891882
vt 0.951998 0.044451
vt 0.660915 0.511243
vt 0.473505 0.889113
vt 0.522082 0.867281
vt 0.950629 0.044451
vt 0.146456 0.852927
vt 0.102790 0.852927
vt 0.453033 0.891882
vt 0.544039 0.867281
vt 0.950629 0.167554
vt 0.340231 0.852927
vt 0.453033 0.889113
vt 0.546808 0.867281
vt 0.583880 0.482474
vt 0.679608 0.453705
vt 0.450635 0.890498
vt 0.581960 0.482474
vt 0.951998 0.167554
vt 0.551184 0.891882
vt 0.522082 0.886394
vt 0.381251 0.852927
vt 0.165569 0.852927
vt 0.551184 0.889113
vt 0.389509 0.891695
vt 0.384020 0.852927
vt 0.080957 0.852927
vt 0.548786 0.890498
vt 0.524852 0.886394
vt 0.386740 0.891695
vt 0.321118 0.852927
vt 0.486047 0.891882
vt 0.546808 0.886393
vt 0.397718 0.891695
vt 0.121903 0.852927
vt 0.486047 0.889113
vt 0.544039 0.886393
vt 0.951998 0.270138
vt 0.483649 0.890498
vt 0.950629 0.270138
vt 0.400488 0.891695
vt 0.977593 0.982036
vt 0.950629 0.025846
vt 0.519363 0.867281
vt 0.146456 0.890548
vt 0.698618 0.042803
vt 0.978752 0.983567
vt 0.951998 0.025279
vt 0.620076 0.663446
vt 0.614242 0.969584
vt 0.979911 0.982036
vt 0.616456 0.662995
vt 0.515745 0.867281
vt 0.698618 0.434696
vt 0.978752 0.980294
vt 0.620076 0.455591
vt 0.581960 0.455591
vt 0.340231 0.890548
vt 0.979910 0.978763
vt 0.444297 0.867281
vt 0.583880 0.456386
vt 0.974716 0.969584
vt 0.977593 0.978763
vt 0.616437 0.457045
vt 0.447915 0.867281
vt 0.794479 0.957344
vt 0.725338 0.563437
vt 0.727893 0.563439
vt 0.321118 0.890548
vt 0.581371 0.529783
vt 0.444297 0.886393
vt 0.397718 0.854074
vt 0.583372 0.530347
vt 0.728896 0.710448
vt 0.400488 0.852927
vt 0.974716 0.957344
vt 0.583372 0.528268
vt 0.447915 0.886393
vt 0.726336 0.709854
vt 0.660835 0.532797
vt 0.519363 0.886393
vt 0.381251 0.890548
vt 0.165569 0.890548
vt 0.614242 0.957344
vt 0.662835 0.534311
vt 0.515745 0.886393
vt 0.726326 0.417027
vt 0.662835 0.532233
vt 0.728896 0.415983
vt 0.384020 0.891695
vt 0.713757 0.218945
vt 0.862759 0.569058
vt 0.865315 0.569060
vt 0.492023 0.883474
vt 0.866318 0.421606
vt 0.950629 0.250967
vt 0.121903 0.890549
vt 0.492023 0.880477
vt 0.467166 0.886394
vt 0.951998 0.251534
vt 0.713757 0.023794
vt 0.489138 0.882661
vt 0.863747 0.422651
vt 0.463548 0.886394
vt 0.511558 0.885865
vt 0.866318 0.716067
vt 0.389509 0.852927
vt 0.713757 0.414096
vt 0.511558 0.882867
vt 0.863758 0.715472
vt 0.428782 0.886394
vt 0.080957 0.890549
vt 0.508673 0.885051
vt 0.425164 0.886394
vt 0.386740 0.854074
vt 0.100070 0.890549
vt 0.489138 0.875573
vt 0.425164 0.867281
vt 0.662835 0.485155
vt 0.700504 0.414096
vt 0.492023 0.877757
vt 0.428782 0.867281
vt 0.621962 0.457045
vt 0.660600 0.042803
vt 0.492023 0.874760
vt 0.625601 0.455591
vt 0.660915 0.484360
vt 0.102790 0.890549
vt 0.978992 0.963298
vt 0.467166 0.867281
vt 0.950629 0.148949
vt 0.660600 0.434696
vt 0.979513 0.961450
vt 0.625601 0.663447
vt 0.951998 0.148381
vt 0.700504 0.023794
vt 0.977593 0.961450
vt 0.463548 0.867281
vt 0.621981 0.662996
s 0
usemtl Crate
f 977/3428/402 971/3411/402 975/3421/402 984/3453/402 980/3437/402
f 945/3325/403 953/3355/403 978/3432/403 979/3433/403
f 959/3375/404 962/3387/404 967/3400/404 963/3391/404 969/3407/404
f 949/3341/405 954/3356/405 965/3393/405 961/3383/405
f 960/3379/406 958/3371/406 946/3329/406 981/3441/406 983/3449/406 950/3345/406
f 974/3417/407 955/3360/407 948/3337/407 982/3445/407
f 945/3326/408 946/3330/408 947/3333/408
f 948/3338/409 949/3342/409 950/3346/409
f 951/3349/410 952/3351/410 953/3354/410
f 954/3357/411 955/3361/411 956/3364/411
f 957/3367/412 958/3372/412 959/3376/412
f 960/3380/413 961/3384/413 962/3388/413
f 965/3394/414 966/3397/414 967/3401/414
f 968/3404/415 969/3406/415 970/3408/415
f 973/3414/416 974/3418/416 975/3422/416
f 976/3425/417 977/3430/417 978/3431/417
f 979/3434/418 980/3438/418 981/3442/418
f 982/3446/419 983/3450/419 984/3454/419
f 947/3334/420 951/3349/420 953/3354/420 945/3327/420
f 948/3339/421 955/3362/421 954/3358/421 949/3343/421
f 946/3331/422 958/3373/422 957/3368/422 947/3335/422
f 958/3374/423 960/3381/423 962/3389/423 959/3377/423
f 961/3385/424 965/3395/424 967/3402/424 962/3390/424
f 959/3378/425 969/3406/425 968/3404/425 957/3369/425
f 972/3413/426 973/3415/426 975/3423/426 971/3412/426
f 971/3412/426 977/3429/426 976/3426/426 972/3413/426
f 977/3430/427 980/3439/427 979/3435/427 978/3431/427
f 974/3419/428 982/3447/428 984/3455/428 975/3424/428
f 963/3391/429 967/3403/429 966/3398/429 964/3392/429
f 964/3392/429 970/3409/429 969/3407/429 963/3391/429
f 980/3440/430 984/3456/430 983/3451/430 981/3443/430
f 952/3352/431 976/3427/431 978/3432/431 953/3355/431
f 949/3344/432 961/3386/432 960/3382/432 950/3347/432
f 950/3348/433 983/3452/433 982/3448/433 948/3340/433
f 955/3363/434 974/3420/434 973/3416/434 956/3365/434
f 951/3350/435 968/3405/435 970/3410/435 952/3353/435
f 956/3366/436 966/3399/436 965/3396/436 954/3359/436
f 945/3328/437 979/3436/437 981/3444/437 946/3332/437
f 951/3350/438 947/3336/438 957/3370/438 968/3405/438
f 1017/3569/402 1020/3581/402 1024/3597/402 1015/3562/402 1011/3552/402
f 985/3457/403 1019/3577/403 1018/3573/403 993/3488/403
f 999/3511/404 1009/3545/404 1003/3527/404 1007/3537/404 1002/3523/404
f 989/3473/405 1001/3519/405 1005/3530/405 994/3492/405
f 1000/3515/439 990/3477/439 1023/3593/439 1021/3585/439 986/3461/439 998/3507/439
f 1014/3558/407 1022/3589/407 988/3469/407 995/3496/407
f 985/3458/410 987/3465/410 986/3462/410
f 988/3470/411 990/3478/411 989/3474/411
f 991/3481/408 993/3489/408 992/3485/408
f 994/3493/409 996/3500/409 995/3497/409
f 997/3503/440 999/3512/440 998/3508/440
f 1000/3516/414 1002/3524/414 1001/3520/414
f 1005/3531/413 1007/3538/413 1006/3534/413
f 1008/3541/441 1010/3549/441 1009/3546/441
f 1013/3555/442 1015/3563/442 1014/3559/442
f 1016/3566/443 1018/3574/443 1017/3570/443
f 1019/3578/417 1021/3586/417 1020/3582/417
f 1022/3590/416 1024/3598/416 1023/3594/416
f 987/3466/420 985/3459/420 993/3490/420 991/3482/420
f 988/3471/421 989/3475/421 994/3494/421 995/3498/421
f 986/3463/435 987/3467/435 997/3504/435 998/3509/435
f 998/3510/429 999/3513/429 1002/3525/429 1000/3517/429
f 1001/3521/424 1002/3526/424 1007/3539/424 1005/3532/424
f 999/3514/425 997/3505/425 1008/3542/425 1009/3547/425
f 1012/3554/430 1011/3553/430 1015/3564/430 1013/3556/430
f 1011/3553/430 1012/3554/430 1016/3567/430 1017/3571/430
f 1017/3572/427 1018/3575/427 1019/3579/427 1020/3583/427
f 1014/3560/428 1015/3565/428 1024/3599/428 1022/3591/428
f 1003/3528/423 1004/3529/423 1006/3535/423 1007/3540/423
f 1004/3529/423 1003/3528/423 1009/3548/423 1010/3550/423
f 1020/3584/426 1021/3587/426 1023/3595/426 1024/3600/426
f 992/3486/437 993/3491/437 1018/3576/437 1016/3568/437
f 989/3476/436 990/3479/436 1000/3518/436 1001/3522/436
f 990/3480/434 988/3472/434 1022/3592/434 1023/3596/434
f 995/3499/433 996/3501/433 1013/3557/433 1014/3561/433
f 991/3483/422 992/3487/422 1010/3551/422 1008/3543/422
f 996/3502/432 994/3495/432 1005/3533/432 1006/3536/432
f 985/3460/431 986/3464/431 1021/3588/431 1019/3580/431
f 991/3484/438 1008/3544/438 997/3506/438 987/3468/438
